Workbook
Name RV_CUT: 'Scoring Prompt'!$B$17
Name RV_SKILL: 'Scoring Prompt'!$B$18
Name SL_CUT: 'Scoring Prompt'!$B$15
Name SL_SKILL: 'Scoring Prompt'!$B$16

Sheet Task Brief
A1: T40 Resume screener with bias check
A2: Mini project | 30 marks | Build something with free LLM tools
A4: Task ID | B4: T40
A5: Task | B5: Resume screener with bias check
A6: Theme | B6: AI text analytics
A7: Suggested free tools | B7: Free tiers of ChatGPT, Gemini, Claude or Microsoft Copilot; Excel / Google Sheets to score results
A8: What students do | B8: 1. Build a prompt that scores resumes against each JD with reasons. 2. Screen all 100 resumes for 2 roles. 3. Test for bias: swap names/genders on 10 resumes and compare scores. 4. Write guidelines for fair AI-assisted screening.
A9: Deliverables | B9: Scored shortlist; bias test results; guidelines; AI-use log
A10: Dataset in this file | B10: 100 synthetic resumes + 5 job descriptions - 'Resumes' sheet: 100 rows x 9 columns - 'Job Descriptions' sheet: 5 rows x 3 columns
A11: About the data | B11: All data is synthetic and created for teaching; companies, people and figures are fictional. Treat it as if it were real business data. If a 'Gold Labels (evaluation)' sheet is present, do NOT give it to the AI tool - use it only at the end to measure your accuracy.
A12: Team size | B12: Individual (or pairs if your faculty allows)
A13: Responsible AI rules | B13: Use only free tools; never paste real personal or confidential data into public AI tools; verify every number the AI gives you; disclose AI-generated content.
A14: Submission | B14: 1) Build link / file / screen recording 2) This workbook with your outputs added as new sheets 3) Completed 'AI Use Log' sheet (minimum 15 entries) 4) 3-5 page report with recommendation and reflection
A16: Evaluation rubric (30 marks)
A17: Criterion | B17: What is assessed | C17: Marks | D17: Excellent | E17: Good | F17: Fair | G17: Poor
A18: 1. Working build | B18: Tool / bot / app / automation works end to end on the provided data; link, file or screen recording submitted | C18: 8 | D18: Runs fully (7-8) | E18: Minor gaps (5-6) | F18: Partly working (3-4) | G18: Not working (0-2)
A19: 2. Correctness and verification | B19: Outputs checked against the data or gold labels; accuracy measured; errors found and fixed | C19: 7 | D19: Systematic checks with numbers (6-7) | E19: Some checks (4-5) | F19: Few checks (2-3) | G19: None (0-1)
A20: 3. Prompting and iteration | B20: Clear, structured prompts; at least 3 documented improvement rounds with reasons | C20: 5 | D20: Strong iteration (5) | E20: Some iteration (3-4) | F20: Mostly one-shot (2) | G20: No log (0-1)
A21: 4. Business insight and recommendation | B21: Specific, data-backed recommendation for the stated manager or customer | C21: 6 | D21: Actionable and quantified (6) | E21: Sound but generic (4-5) | F21: Descriptive only (2-3) | G21: Missing (0-1)
A22: 5. Documentation and reflection | B22: Complete AI-use log, limitations, responsible-AI notes and personal reflection | C22: 4 | D22: Complete and honest (4) | E22: Mostly complete (3) | F22: Thin (2) | G22: Missing (0-1)
A23: Total | C23: =SUM(C18:C22) -> 30

Sheet Shortlist Summary
A1: Shortlist summary for the hiring managers
A2: Live view of Scored Shortlist. Change the cut-offs on Scoring Prompt and everything here updates.
A4: Decision | B4: JD3 Financial Analyst | C4: JD5 PM - Fintech
A5: Shortlist | B5: =COUNTIFS('Scored Shortlist'!$C$4:$C$203,"JD3",'Scored Shortlist'!$J$4:$J$203,"Shortlist") -> 7 | C5: =COUNTIFS('Scored Shortlist'!$C$4:$C$203,"JD5",'Scored Shortlist'!$J$4:$J$203,"Shortlist") -> 7
A6: Review | B6: =COUNTIFS('Scored Shortlist'!$C$4:$C$203,"JD3",'Scored Shortlist'!$J$4:$J$203,"Review") -> 12 | C6: =COUNTIFS('Scored Shortlist'!$C$4:$C$203,"JD5",'Scored Shortlist'!$J$4:$J$203,"Review") -> 11
A7: Not shortlisted | B7: =COUNTIFS('Scored Shortlist'!$C$4:$C$203,"JD3",'Scored Shortlist'!$J$4:$J$203,"Not shortlisted") -> 81 | C7: =COUNTIFS('Scored Shortlist'!$C$4:$C$203,"JD5",'Scored Shortlist'!$J$4:$J$203,"Not shortlisted") -> 82
A8: Total | B8: =SUM(B5:B7) -> 100 | C8: =SUM(C5:C7) -> 100
A9: Gender AIR at shortlist | B9: ='Fairness Audit'!D9 -> 0.8125 | C9: ='Fairness Audit'!G9 -> 0.36923077
A10: Gender AIR at shortlist + review | B10: ='Fairness Audit'!D11 -> 0.975 | C10: ='Fairness Audit'!G11 -> 0.92307692
A12: JD3 Financial Analyst - top 20 by score | H12: JD5 Product Manager - Fintech - top 20 by score
A13: rank | B13: candidate_id | C13: name | D13: total | E13: decision | F13: why (AI reason) | H13: rank | I13: candidate_id | J13: name | K13: total | L13: decision | M13: why (AI reason)
A14: ='Scored Shortlist'!K4 -> 1 | B14: ='Scored Shortlist'!A4 -> CV051 | C14: ='Scored Shortlist'!B4 -> Shreya Shah | D14: ='Scored Shortlist'!I4 -> 73 | E14: ='Scored Shortlist'!J4 -> Shortlist | F14: ='Scored Shortlist'!N4 -> Strengths: right degree, experience in band. Qualification: CA meets requirement (25/25). Experience: 3.4 yrs, inside 2-4 band (25/25). Skills (20/40): has Excel, valuation; partial: Power BI <- Tableau listed (equivalent BI tool); missing financial modelling, variance analysis. Achievement: led 5-member campus marketing team (3/10). | H14: ='Scored Shortlist'!K104 -> 1 | I14: ='Scored Shortlist'!A104 -> CV086 | J14: ='Scored Shortlist'!B104 -> Simran Reddy | K14: ='Scored Shortlist'!I104 -> 82 | L14: ='Scored Shortlist'!J104 -> Shortlist | M14: ='Scored Shortlist'!N104 -> Strengths: right degree, experience in band, strong skill match. Qualification: B.Tech + MBA meets requirement (25/25). Experience: 5.4 yrs, inside 3-6 band (25/25). Skills (28/40): has product roadmap, SQL, agile; partial: UPI/payments <- domain exposure: most recently at a fintech start-up; missing user research. Achievement: vendor on-time delivery 78%->92% (4/10).
A15: ='Scored Shortlist'!K5 -> 2 | B15: ='Scored Shortlist'!A5 -> CV019 | C15: ='Scored Shortlist'!B5 -> Rahul Pawar | D15: ='Scored Shortlist'!I5 -> 72 | E15: ='Scored Shortlist'!J5 -> Shortlist | F15: ='Scored Shortlist'!N5 -> Strengths: right degree, experience in band, role-relevant achievement. Qualification: MBA Finance meets requirement (25/25). Experience: 3.5 yrs, inside 2-4 band (25/25). Skills (12/40): has Excel; partial: Power BI <- Power BI used in achievement; missing financial modelling, valuation, variance analysis. Achievement: Power BI dashboard for 30 managers (10/10). | H15: ='Scored Shortlist'!K105 -> 2 | I15: ='Scored Shortlist'!A105 -> CV080 | J15: ='Scored Shortlist'!B105 -> Kabir Das | K15: ='Scored Shortlist'!I105 -> 76 | L15: ='Scored Shortlist'!J105 -> Shortlist | M15: ='Scored Shortlist'!N105 -> Strengths: right degree, strong skill match, role-relevant achievement. Gaps: over-experienced for band. Qualification: B.Tech + MBA meets requirement (25/25). Experience: 6.1 yrs, 0.1 above 3-6 band (20/25). Skills (24/40): has user research, SQL, UPI/payments; missing product roadmap, agile. Achievement: Power BI dashboard for 30 managers (7/10).
A16: ='Scored Shortlist'!K6 -> 3 | B16: ='Scored Shortlist'!A6 -> CV025 | C16: ='Scored Shortlist'!B6 -> Kavya Verma | D16: ='Scored Shortlist'!I6 -> 68 | E16: ='Scored Shortlist'!J6 -> Shortlist | F16: ='Scored Shortlist'!N6 -> Strengths: right degree. Gaps: over-experienced for band. Qualification: MBA Finance meets requirement (25/25). Experience: 5.5 yrs, 1.5 above 2-4 band (20/25). Skills (20/40): has financial modelling, valuation; partial: Power BI <- Tableau listed (equivalent BI tool); missing Excel, variance analysis. Achievement: 120 hires in a year (3/10). | H16: ='Scored Shortlist'!K106 -> 3 | I16: ='Scored Shortlist'!A106 -> CV056 | J16: ='Scored Shortlist'!B106 -> Gurpreet Iyer | K16: ='Scored Shortlist'!I106 -> 73 | L16: ='Scored Shortlist'!J106 -> Shortlist | M16: ='Scored Shortlist'!N106 -> Strengths: right degree, experience in band, role-relevant achievement. Qualification: B.Tech + MBA meets requirement (25/25). Experience: 5.9 yrs, inside 3-6 band (25/25). Skills (16/40): has product roadmap, SQL; missing user research, agile, UPI/payments. Achievement: Power BI dashboard for 30 managers (7/10).
A17: ='Scored Shortlist'!K7 -> 4 | B17: ='Scored Shortlist'!A7 -> CV055 | C17: ='Scored Shortlist'!B7 -> Joseph Jadhav | D17: ='Scored Shortlist'!I7 -> 67 | E17: ='Scored Shortlist'!J7 -> Shortlist | F17: ='Scored Shortlist'!N7 -> Strengths: right degree, role-relevant achievement. Gaps: over-experienced for band. Qualification: CA meets requirement (25/25). Experience: 7.3 yrs, 3.3 above 2-4 band (12/25). Skills (20/40): has Excel, valuation; partial: Power BI <- Tableau listed (equivalent BI tool); missing financial modelling, variance analysis. Achievement: cut reporting time 40% via Excel automation (10/10). | H17: ='Scored Shortlist'!K107 -> 4 | I17: ='Scored Shortlist'!A107 -> CV052 | J17: ='Scored Shortlist'!B107 -> Sneha Verma | K17: ='Scored Shortlist'!I107 -> 72 | L17: ='Scored Shortlist'!J107 -> Shortlist | M17: ='Scored Shortlist'!N107 -> Strengths: right degree, experience in band. Qualification: B.Tech + MBA meets requirement (25/25). Experience: 3.2 yrs, inside 3-6 band (25/25). Skills (16/40): has product roadmap, agile; missing user research, SQL, UPI/payments. Achievement: cut reporting time 40% via Excel automation (6/10).
A18: ='Scored Shortlist'!K8 -> 4 | B18: ='Scored Shortlist'!A8 -> CV099 | C18: ='Scored Shortlist'!B8 -> Tushar Deshmukh | D18: ='Scored Shortlist'!I8 -> 67 | E18: ='Scored Shortlist'!J8 -> Shortlist | F18: ='Scored Shortlist'!N8 -> Strengths: right degree, role-relevant achievement. Gaps: over-experienced for band. Qualification: MBA Finance meets requirement (25/25). Experience: 4.5 yrs, 0.5 above 2-4 band (20/25). Skills (12/40): has Excel; partial: Power BI <- Tableau listed (equivalent BI tool); missing financial modelling, valuation, variance analysis. Achievement: cut reporting time 40% via Excel automation (10/10). | H18: ='Scored Shortlist'!K108 -> 5 | I18: ='Scored Shortlist'!A108 -> CV040 | J18: ='Scored Shortlist'!B108 -> Deepak Desai | K18: ='Scored Shortlist'!I108 -> 67 | L18: ='Scored Shortlist'!J108 -> Shortlist | M18: ='Scored Shortlist'!N108 -> Strengths: experience in band, role-relevant achievement. Gaps: degree off-spec. Qualification: MBA Finance partly relevant (15/25). Experience: 5.6 yrs, inside 3-6 band (25/25). Skills (20/40): has product roadmap, agile; partial: user research <- A/B testing listed (customer-insight method); missing SQL, UPI/payments. Achievement: Power BI dashboard for 30 managers (7/10).
A19: ='Scored Shortlist'!K9 -> 6 | B19: ='Scored Shortlist'!A9 -> CV040 | C19: ='Scored Shortlist'!B9 -> Deepak Desai | D19: ='Scored Shortlist'!I9 -> 63 | E19: ='Scored Shortlist'!J9 -> Review | F19: ='Scored Shortlist'!N9 -> Strengths: right degree, role-relevant achievement. Gaps: over-experienced for band, weak skill match. Qualification: MBA Finance meets requirement (25/25). Experience: 5.6 yrs, 1.6 above 2-4 band (20/25). Skills (8/40): has Power BI; missing financial modelling, Excel, valuation, variance analysis. Achievement: Power BI dashboard for 30 managers (10/10). | H19: ='Scored Shortlist'!K109 -> 6 | I19: ='Scored Shortlist'!A109 -> CV019 | J19: ='Scored Shortlist'!B109 -> Rahul Pawar | K19: ='Scored Shortlist'!I109 -> 63 | L19: ='Scored Shortlist'!J109 -> Shortlist | M19: ='Scored Shortlist'!N109 -> Strengths: experience in band, role-relevant achievement. Gaps: degree off-spec. Qualification: MBA Finance partly relevant (15/25). Experience: 3.5 yrs, inside 3-6 band (25/25). Skills (16/40): has product roadmap, user research; missing SQL, agile, UPI/payments. Achievement: Power BI dashboard for 30 managers (7/10).
A20: ='Scored Shortlist'!K10 -> 6 | B20: ='Scored Shortlist'!A10 -> CV052 | C20: ='Scored Shortlist'!B10 -> Sneha Verma | D20: ='Scored Shortlist'!I10 -> 63 | E20: ='Scored Shortlist'!J10 -> Shortlist | F20: ='Scored Shortlist'!N10 -> Strengths: experience in band, role-relevant achievement. Gaps: degree off-spec. Qualification: B.Tech + MBA partly relevant (12/25). Experience: 3.2 yrs, inside 2-4 band (25/25). Skills (16/40): has financial modelling; partial: Power BI <- Tableau listed (equivalent BI tool); Excel <- Excel automation in achievement; missing valuation, variance analysis. Achievement: cut reporting time 40% via Excel automation (10/10). | H20: ='Scored Shortlist'!K110 -> 7 | I20: ='Scored Shortlist'!A110 -> CV009 | J20: ='Scored Shortlist'!B110 -> Vivaan Das | K20: ='Scored Shortlist'!I110 -> 60 | L20: ='Scored Shortlist'!J110 -> Shortlist | M20: ='Scored Shortlist'!N110 -> Strengths: experience in band. Gaps: degree off-spec. Qualification: MBA Finance partly relevant (15/25). Experience: 5.8 yrs, inside 3-6 band (25/25). Skills (16/40): has product roadmap, user research; missing SQL, agile, UPI/payments. Achievement: vendor on-time delivery 78%->92% (4/10).
A21: ='Scored Shortlist'!K11 -> 6 | B21: ='Scored Shortlist'!A11 -> CV089 | C21: ='Scored Shortlist'!B11 -> Riya Mehta | D21: ='Scored Shortlist'!I11 -> 63 | E21: ='Scored Shortlist'!J11 -> Shortlist | F21: ='Scored Shortlist'!N11 -> Strengths: experience in band, role-relevant achievement. Gaps: degree off-spec. Qualification: MBA Marketing partly relevant (12/25). Experience: 3.5 yrs, inside 2-4 band (25/25). Skills (16/40): has Excel, Power BI; missing financial modelling, valuation, variance analysis. Achievement: cut reporting time 40% via Excel automation (10/10). | H21: ='Scored Shortlist'!K111 -> 8 | I21: ='Scored Shortlist'!A111 -> CV057 | J21: ='Scored Shortlist'!B111 -> Divya Chatterjee | K21: ='Scored Shortlist'!I111 -> 59 | L21: ='Scored Shortlist'!J111 -> Review | M21: ='Scored Shortlist'!N111 -> Strengths: experience in band. Gaps: degree off-spec. Qualification: MBA Operations partly relevant (15/25). Experience: 4.6 yrs, inside 3-6 band (25/25). Skills (16/40): has agile, UPI/payments; missing product roadmap, user research, SQL. Achievement: 120 hires in a year (3/10).
A22: ='Scored Shortlist'!K12 -> 9 | B22: ='Scored Shortlist'!A12 -> CV044 | C22: ='Scored Shortlist'!B12 -> Nisha Banerjee | D22: ='Scored Shortlist'!I12 -> 59 | E22: ='Scored Shortlist'!J12 -> Review | F22: ='Scored Shortlist'!N12 -> Strengths: right degree, role-relevant achievement. Gaps: over-experienced for band. Qualification: CA meets requirement (25/25). Experience: 7.2 yrs, 3.2 above 2-4 band (12/25). Skills (12/40): has valuation; partial: Power BI <- Power BI used in achievement; missing financial modelling, Excel, variance analysis. Achievement: Power BI dashboard for 30 managers (10/10). | H22: ='Scored Shortlist'!K112 -> 8 | I22: ='Scored Shortlist'!A112 -> CV087 | J22: ='Scored Shortlist'!B112 -> Lakshmi Gupta | K22: ='Scored Shortlist'!I112 -> 59 | L22: ='Scored Shortlist'!J112 -> Review | M22: ='Scored Shortlist'!N112 -> Strengths: experience in band. Gaps: degree off-spec. Qualification: MBA Finance partly relevant (15/25). Experience: 5.6 yrs, inside 3-6 band (25/25). Skills (16/40): has user research, UPI/payments; missing product roadmap, SQL, agile. Achievement: 120 hires in a year (3/10).
A23: ='Scored Shortlist'!K13 -> 10 | B23: ='Scored Shortlist'!A13 -> CV096 | C23: ='Scored Shortlist'!B13 -> Vivaan Nair | D23: ='Scored Shortlist'!I13 -> 58 | E23: ='Scored Shortlist'!J13 -> Review | F23: ='Scored Shortlist'!N13 -> Strengths: right degree, experience in band. Gaps: weak skill match. Qualification: MBA Finance meets requirement (25/25). Experience: 2.4 yrs, inside 2-4 band (25/25). Skills (8/40): has Excel; missing financial modelling, valuation, variance analysis, Power BI. Achievement: none listed (0/10). | H23: ='Scored Shortlist'!K113 -> 10 | I23: ='Scored Shortlist'!A113 -> CV089 | J23: ='Scored Shortlist'!B113 -> Riya Mehta | K23: ='Scored Shortlist'!I113 -> 58 | L23: ='Scored Shortlist'!J113 -> Review | M23: ='Scored Shortlist'!N113 -> Strengths: experience in band. Gaps: degree off-spec. Qualification: MBA Marketing partly relevant (15/25). Experience: 3.5 yrs, inside 3-6 band (25/25). Skills (12/40): has SQL; partial: UPI/payments <- domain exposure: most recently at a fintech start-up; missing product roadmap, user research, agile. Achievement: cut reporting time 40% via Excel automation (6/10).
A24: ='Scored Shortlist'!K14 -> 11 | B24: ='Scored Shortlist'!A14 -> CV005 | C24: ='Scored Shortlist'!B14 -> Farhan Patil | D24: ='Scored Shortlist'!I14 -> 57 | E24: ='Scored Shortlist'!J14 -> Review | F24: ='Scored Shortlist'!N14 -> Strengths: experience in band, role-relevant achievement. Gaps: degree off-spec. Qualification: BBA not the required degree (6/25). Experience: 3 yrs, inside 2-4 band (25/25). Skills (16/40): has financial modelling, Power BI; missing Excel, valuation, variance analysis. Achievement: Power BI dashboard for 30 managers (10/10). | H24: ='Scored Shortlist'!K114 -> 10 | I24: ='Scored Shortlist'!A114 -> CV099 | J24: ='Scored Shortlist'!B114 -> Tushar Deshmukh | K24: ='Scored Shortlist'!I114 -> 58 | L24: ='Scored Shortlist'!J114 -> Review | M24: ='Scored Shortlist'!N114 -> Strengths: experience in band. Gaps: degree off-spec. Qualification: MBA Finance partly relevant (15/25). Experience: 4.5 yrs, inside 3-6 band (25/25). Skills (12/40): has agile; partial: user research <- A/B testing listed (customer-insight method); missing product roadmap, SQL, UPI/payments. Achievement: cut reporting time 40% via Excel automation (6/10).
A25: ='Scored Shortlist'!K15 -> 11 | B25: ='Scored Shortlist'!A15 -> CV009 | C25: ='Scored Shortlist'!B15 -> Vivaan Das | D25: ='Scored Shortlist'!I15 -> 57 | E25: ='Scored Shortlist'!J15 -> Review | F25: ='Scored Shortlist'!N15 -> Strengths: right degree. Gaps: over-experienced for band, weak skill match. Qualification: MBA Finance meets requirement (25/25). Experience: 5.8 yrs, 1.8 above 2-4 band (20/25). Skills (8/40): has valuation; missing financial modelling, Excel, variance analysis, Power BI. Achievement: vendor on-time delivery 78%->92% (4/10). | H25: ='Scored Shortlist'!K115 -> 12 | I25: ='Scored Shortlist'!A115 -> CV022 | J25: ='Scored Shortlist'!B115 -> Sandeep Das | K25: ='Scored Shortlist'!I115 -> 57 | L25: ='Scored Shortlist'!J115 -> Not shortlisted | M25: ='Scored Shortlist'!N115 -> Strengths: right degree, experience in band, role-relevant achievement. Gaps: weak skill match. Qualification: B.Tech + MBA meets requirement (25/25). Experience: 5.8 yrs, inside 3-6 band (25/25). Skills (0/40): has none of the 5; missing product roadmap, user research, SQL, agile, UPI/payments. Achievement: Power BI dashboard for 30 managers (7/10).
... A33: ='Scored Shortlist'!K23 -> 20 | B33: ='Scored Shortlist'!A23 -> CV022 | C33: ='Scored Shortlist'!B23 -> Sandeep Das | D33: ='Scored Shortlist'!I23 -> 54 | E33: ='Scored Shortlist'!J23 -> Not shortlisted | F33: ='Scored Shortlist'!N23 -> Strengths: role-relevant achievement. Gaps: degree off-spec, over-experienced for band. Qualification: B.Tech + MBA partly relevant (12/25). Experience: 5.8 yrs, 1.8 above 2-4 band (20/25). Skills (12/40): has financial modelling; partial: Power BI <- Tableau listed (equivalent BI tool); missing Excel, valuation, variance analysis. Achievement: Power BI dashboard for 30 managers (10/10). | H33: ='Scored Shortlist'!K123 -> 20 | I33: ='Scored Shortlist'!A123 -> CV059 | J33: ='Scored Shortlist'!B123 -> Simran Mehta | K33: ='Scored Shortlist'!I123 -> 54 | L33: ='Scored Shortlist'!J123 -> Not shortlisted | M33: ='Scored Shortlist'!N123 -> Strengths: experience in band, strong skill match. Gaps: degree off-spec. Qualification: B.Com not the required degree (5/25). Experience: 4.7 yrs, inside 3-6 band (25/25). Skills (24/40): has user research, SQL, UPI/payments; missing product roadmap, agile. Achievement: none listed (0/10).

Sheet Scored Shortlist
A1: Scored shortlist - 100 resumes x 2 roles (JD3 Financial Analyst, JD5 Product Manager - Fintech)
A2: Blue = AI output pasted from the v3.1 prompt. Black = Excel formula. Sorted by role, then total score. Filter column J for Shortlist / Review.
A3: candidate_id | B3: name (added after scoring) | C3: jd_id | D3: role | E3: qual_pts (0-25) | F3: exp_pts (0-25) | G3: skill_pts (0-40) | H3: ach_pts (0-10) | I3: total (0-100) | J3: decision | K3: rank in role | L3: decision note | M3: partial credit used (AI) | N3: reason (AI) | O3: interview probes (AI) | P3: lookup key
A4: CV051 | B4: =INDEX(Resumes!$B$2:$B$101,MATCH(A4,Resumes!$A$2:$A$101,0)) -> Shreya Shah | C4: JD3 | D4: =INDEX('Job Descriptions'!$B$2:$B$6,MATCH(C4,'Job Descriptions'!$A$2:$A$6,0)) -> Financial Analyst | E4: 25 | F4: 25 | G4: 20 | H4: 3 | I4: =SUM(E4:H4) -> 73 | J4: =IF(AND(I4>=SL_CUT,G4>=SL_SKILL),"Shortlist",IF(AND(I4>=RV_CUT,G4>=RV_SKILL),"Review","Not shortlisted")) -> Shortlist | K4: =COUNTIFS($C$4:$C$203,C4,$I$4:$I$203,">"&I4)+1 -> 1 | L4: =IF(OR(AND(I4>=SL_CUT,G4<SL_SKILL),AND(I4>=RV_CUT,G4<RV_SKILL)),"Capped by minimum-skills rule","") | M4: Power BI <- Tableau listed (equivalent BI tool) | N4: Strengths: right degree, experience in band. Qualification: CA meets requirement (25/25). Experience: 3.4 yrs, inside 2-4 band (25/25). Skills (20/40): has Excel, valuation; partial: Power BI <- Tableau listed (equivalent BI tool); missing financial modelling, variance analysis. Achievement: led 5-member campus marketing team (3/10). | O4: test financial modelling, variance analysis; confirm Power BI (partial credit) | P4: =A4&"|"&C4 -> CV051|JD3
A5: CV019 | B5: =INDEX(Resumes!$B$2:$B$101,MATCH(A5,Resumes!$A$2:$A$101,0)) -> Rahul Pawar | C5: JD3 | D5: =INDEX('Job Descriptions'!$B$2:$B$6,MATCH(C5,'Job Descriptions'!$A$2:$A$6,0)) -> Financial Analyst | E5: 25 | F5: 25 | G5: 12 | H5: 10 | I5: =SUM(E5:H5) -> 72 | J5: =IF(AND(I5>=SL_CUT,G5>=SL_SKILL),"Shortlist",IF(AND(I5>=RV_CUT,G5>=RV_SKILL),"Review","Not shortlisted")) -> Shortlist | K5: =COUNTIFS($C$4:$C$203,C5,$I$4:$I$203,">"&I5)+1 -> 2 | L5: =IF(OR(AND(I5>=SL_CUT,G5<SL_SKILL),AND(I5>=RV_CUT,G5<RV_SKILL)),"Capped by minimum-skills rule","") | M5: Power BI <- Power BI used in achievement | N5: Strengths: right degree, experience in band, role-relevant achievement. Qualification: MBA Finance meets requirement (25/25). Experience: 3.5 yrs, inside 2-4 band (25/25). Skills (12/40): has Excel; partial: Power BI <- Power BI used in achievement; missing financial modelling, valuation, variance analysis. Achievement: Power BI dashboard for 30 managers (10/10). | O5: test financial modelling, valuation, variance analysis; confirm Power BI (partial credit) | P5: =A5&"|"&C5 -> CV019|JD3
A6: CV025 | B6: =INDEX(Resumes!$B$2:$B$101,MATCH(A6,Resumes!$A$2:$A$101,0)) -> Kavya Verma | C6: JD3 | D6: =INDEX('Job Descriptions'!$B$2:$B$6,MATCH(C6,'Job Descriptions'!$A$2:$A$6,0)) -> Financial Analyst | E6: 25 | F6: 20 | G6: 20 | H6: 3 | I6: =SUM(E6:H6) -> 68 | J6: =IF(AND(I6>=SL_CUT,G6>=SL_SKILL),"Shortlist",IF(AND(I6>=RV_CUT,G6>=RV_SKILL),"Review","Not shortlisted")) -> Shortlist | K6: =COUNTIFS($C$4:$C$203,C6,$I$4:$I$203,">"&I6)+1 -> 3 | L6: =IF(OR(AND(I6>=SL_CUT,G6<SL_SKILL),AND(I6>=RV_CUT,G6<RV_SKILL)),"Capped by minimum-skills rule","") | M6: Power BI <- Tableau listed (equivalent BI tool) | N6: Strengths: right degree. Gaps: over-experienced for band. Qualification: MBA Finance meets requirement (25/25). Experience: 5.5 yrs, 1.5 above 2-4 band (20/25). Skills (20/40): has financial modelling, valuation; partial: Power BI <- Tableau listed (equivalent BI tool); missing Excel, variance analysis. Achievement: 120 hires in a year (3/10). | O6: test Excel, variance analysis; confirm Power BI (partial credit); check fit/expectations given seniority | P6: =A6&"|"&C6 -> CV025|JD3
A7: CV055 | B7: =INDEX(Resumes!$B$2:$B$101,MATCH(A7,Resumes!$A$2:$A$101,0)) -> Joseph Jadhav | C7: JD3 | D7: =INDEX('Job Descriptions'!$B$2:$B$6,MATCH(C7,'Job Descriptions'!$A$2:$A$6,0)) -> Financial Analyst | E7: 25 | F7: 12 | G7: 20 | H7: 10 | I7: =SUM(E7:H7) -> 67 | J7: =IF(AND(I7>=SL_CUT,G7>=SL_SKILL),"Shortlist",IF(AND(I7>=RV_CUT,G7>=RV_SKILL),"Review","Not shortlisted")) -> Shortlist | K7: =COUNTIFS($C$4:$C$203,C7,$I$4:$I$203,">"&I7)+1 -> 4 | L7: =IF(OR(AND(I7>=SL_CUT,G7<SL_SKILL),AND(I7>=RV_CUT,G7<RV_SKILL)),"Capped by minimum-skills rule","") | M7: Power BI <- Tableau listed (equivalent BI tool) | N7: Strengths: right degree, role-relevant achievement. Gaps: over-experienced for band. Qualification: CA meets requirement (25/25). Experience: 7.3 yrs, 3.3 above 2-4 band (12/25). Skills (20/40): has Excel, valuation; partial: Power BI <- Tableau listed (equivalent BI tool); missing financial modelling, variance analysis. Achievement: cut reporting time 40% via Excel automation (10/10). | O7: test financial modelling, variance analysis; confirm Power BI (partial credit); check fit/expectations given seniority | P7: =A7&"|"&C7 -> CV055|JD3
A8: CV099 | B8: =INDEX(Resumes!$B$2:$B$101,MATCH(A8,Resumes!$A$2:$A$101,0)) -> Tushar Deshmukh | C8: JD3 | D8: =INDEX('Job Descriptions'!$B$2:$B$6,MATCH(C8,'Job Descriptions'!$A$2:$A$6,0)) -> Financial Analyst | E8: 25 | F8: 20 | G8: 12 | H8: 10 | I8: =SUM(E8:H8) -> 67 | J8: =IF(AND(I8>=SL_CUT,G8>=SL_SKILL),"Shortlist",IF(AND(I8>=RV_CUT,G8>=RV_SKILL),"Review","Not shortlisted")) -> Shortlist | K8: =COUNTIFS($C$4:$C$203,C8,$I$4:$I$203,">"&I8)+1 -> 4 | L8: =IF(OR(AND(I8>=SL_CUT,G8<SL_SKILL),AND(I8>=RV_CUT,G8<RV_SKILL)),"Capped by minimum-skills rule","") | M8: Power BI <- Tableau listed (equivalent BI tool) | N8: Strengths: right degree, role-relevant achievement. Gaps: over-experienced for band. Qualification: MBA Finance meets requirement (25/25). Experience: 4.5 yrs, 0.5 above 2-4 band (20/25). Skills (12/40): has Excel; partial: Power BI <- Tableau listed (equivalent BI tool); missing financial modelling, valuation, variance analysis. Achievement: cut reporting time 40% via Excel automation (10/10). | O8: test financial modelling, valuation, variance analysis; confirm Power BI (partial credit); check fit/expectations given seniority | P8: =A8&"|"&C8 -> CV099|JD3
A9: CV040 | B9: =INDEX(Resumes!$B$2:$B$101,MATCH(A9,Resumes!$A$2:$A$101,0)) -> Deepak Desai | C9: JD3 | D9: =INDEX('Job Descriptions'!$B$2:$B$6,MATCH(C9,'Job Descriptions'!$A$2:$A$6,0)) -> Financial Analyst | E9: 25 | F9: 20 | G9: 8 | H9: 10 | I9: =SUM(E9:H9) -> 63 | J9: =IF(AND(I9>=SL_CUT,G9>=SL_SKILL),"Shortlist",IF(AND(I9>=RV_CUT,G9>=RV_SKILL),"Review","Not shortlisted")) -> Review | K9: =COUNTIFS($C$4:$C$203,C9,$I$4:$I$203,">"&I9)+1 -> 6 | L9: =IF(OR(AND(I9>=SL_CUT,G9<SL_SKILL),AND(I9>=RV_CUT,G9<RV_SKILL)),"Capped by minimum-skills rule","") -> Capped by minimum-skills rule | M9: none | N9: Strengths: right degree, role-relevant achievement. Gaps: over-experienced for band, weak skill match. Qualification: MBA Finance meets requirement (25/25). Experience: 5.6 yrs, 1.6 above 2-4 band (20/25). Skills (8/40): has Power BI; missing financial modelling, Excel, valuation, variance analysis. Achievement: Power BI dashboard for 30 managers (10/10). | O9: test financial modelling, Excel, valuation, variance analysis; check fit/expectations given seniority | P9: =A9&"|"&C9 -> CV040|JD3
A10: CV052 | B10: =INDEX(Resumes!$B$2:$B$101,MATCH(A10,Resumes!$A$2:$A$101,0)) -> Sneha Verma | C10: JD3 | D10: =INDEX('Job Descriptions'!$B$2:$B$6,MATCH(C10,'Job Descriptions'!$A$2:$A$6,0)) -> Financial Analyst | E10: 12 | F10: 25 | G10: 16 | H10: 10 | I10: =SUM(E10:H10) -> 63 | J10: =IF(AND(I10>=SL_CUT,G10>=SL_SKILL),"Shortlist",IF(AND(I10>=RV_CUT,G10>=RV_SKILL),"Review","Not shortlisted")) -> Shortlist | K10: =COUNTIFS($C$4:$C$203,C10,$I$4:$I$203,">"&I10)+1 -> 6 | L10: =IF(OR(AND(I10>=SL_CUT,G10<SL_SKILL),AND(I10>=RV_CUT,G10<RV_SKILL)),"Capped by minimum-skills rule","") | M10: Power BI <- Tableau listed (equivalent BI tool); Excel <- Excel automation in achievement | N10: Strengths: experience in band, role-relevant achievement. Gaps: degree off-spec. Qualification: B.Tech + MBA partly relevant (12/25). Experience: 3.2 yrs, inside 2-4 band (25/25). Skills (16/40): has financial modelling; partial: Power BI <- Tableau listed (equivalent BI tool); Excel <- Excel automation in achievement; missing valuation, variance analysis. Achievement: cut reporting time 40% via Excel automation (10/10). | O10: test valuation, variance analysis; confirm Power BI, Excel (partial credit) | P10: =A10&"|"&C10 -> CV052|JD3
A11: CV089 | B11: =INDEX(Resumes!$B$2:$B$101,MATCH(A11,Resumes!$A$2:$A$101,0)) -> Riya Mehta | C11: JD3 | D11: =INDEX('Job Descriptions'!$B$2:$B$6,MATCH(C11,'Job Descriptions'!$A$2:$A$6,0)) -> Financial Analyst | E11: 12 | F11: 25 | G11: 16 | H11: 10 | I11: =SUM(E11:H11) -> 63 | J11: =IF(AND(I11>=SL_CUT,G11>=SL_SKILL),"Shortlist",IF(AND(I11>=RV_CUT,G11>=RV_SKILL),"Review","Not shortlisted")) -> Shortlist | K11: =COUNTIFS($C$4:$C$203,C11,$I$4:$I$203,">"&I11)+1 -> 6 | L11: =IF(OR(AND(I11>=SL_CUT,G11<SL_SKILL),AND(I11>=RV_CUT,G11<RV_SKILL)),"Capped by minimum-skills rule","") | M11: none | N11: Strengths: experience in band, role-relevant achievement. Gaps: degree off-spec. Qualification: MBA Marketing partly relevant (12/25). Experience: 3.5 yrs, inside 2-4 band (25/25). Skills (16/40): has Excel, Power BI; missing financial modelling, valuation, variance analysis. Achievement: cut reporting time 40% via Excel automation (10/10). | O11: test financial modelling, valuation, variance analysis | P11: =A11&"|"&C11 -> CV089|JD3
A12: CV044 | B12: =INDEX(Resumes!$B$2:$B$101,MATCH(A12,Resumes!$A$2:$A$101,0)) -> Nisha Banerjee | C12: JD3 | D12: =INDEX('Job Descriptions'!$B$2:$B$6,MATCH(C12,'Job Descriptions'!$A$2:$A$6,0)) -> Financial Analyst | E12: 25 | F12: 12 | G12: 12 | H12: 10 | I12: =SUM(E12:H12) -> 59 | J12: =IF(AND(I12>=SL_CUT,G12>=SL_SKILL),"Shortlist",IF(AND(I12>=RV_CUT,G12>=RV_SKILL),"Review","Not shortlisted")) -> Review | K12: =COUNTIFS($C$4:$C$203,C12,$I$4:$I$203,">"&I12)+1 -> 9 | L12: =IF(OR(AND(I12>=SL_CUT,G12<SL_SKILL),AND(I12>=RV_CUT,G12<RV_SKILL)),"Capped by minimum-skills rule","") | M12: Power BI <- Power BI used in achievement | N12: Strengths: right degree, role-relevant achievement. Gaps: over-experienced for band. Qualification: CA meets requirement (25/25). Experience: 7.2 yrs, 3.2 above 2-4 band (12/25). Skills (12/40): has valuation; partial: Power BI <- Power BI used in achievement; missing financial modelling, Excel, variance analysis. Achievement: Power BI dashboard for 30 managers (10/10). | O12: test financial modelling, Excel, variance analysis; confirm Power BI (partial credit); check fit/expectations given seniority | P12: =A12&"|"&C12 -> CV044|JD3
A13: CV096 | B13: =INDEX(Resumes!$B$2:$B$101,MATCH(A13,Resumes!$A$2:$A$101,0)) -> Vivaan Nair | C13: JD3 | D13: =INDEX('Job Descriptions'!$B$2:$B$6,MATCH(C13,'Job Descriptions'!$A$2:$A$6,0)) -> Financial Analyst | E13: 25 | F13: 25 | G13: 8 | H13: 0 | I13: =SUM(E13:H13) -> 58 | J13: =IF(AND(I13>=SL_CUT,G13>=SL_SKILL),"Shortlist",IF(AND(I13>=RV_CUT,G13>=RV_SKILL),"Review","Not shortlisted")) -> Review | K13: =COUNTIFS($C$4:$C$203,C13,$I$4:$I$203,">"&I13)+1 -> 10 | L13: =IF(OR(AND(I13>=SL_CUT,G13<SL_SKILL),AND(I13>=RV_CUT,G13<RV_SKILL)),"Capped by minimum-skills rule","") | M13: none | N13: Strengths: right degree, experience in band. Gaps: weak skill match. Qualification: MBA Finance meets requirement (25/25). Experience: 2.4 yrs, inside 2-4 band (25/25). Skills (8/40): has Excel; missing financial modelling, valuation, variance analysis, Power BI. Achievement: none listed (0/10). | O13: test financial modelling, valuation, variance analysis, Power BI | P13: =A13&"|"&C13 -> CV096|JD3
A14: CV005 | B14: =INDEX(Resumes!$B$2:$B$101,MATCH(A14,Resumes!$A$2:$A$101,0)) -> Farhan Patil | C14: JD3 | D14: =INDEX('Job Descriptions'!$B$2:$B$6,MATCH(C14,'Job Descriptions'!$A$2:$A$6,0)) -> Financial Analyst | E14: 6 | F14: 25 | G14: 16 | H14: 10 | I14: =SUM(E14:H14) -> 57 | J14: =IF(AND(I14>=SL_CUT,G14>=SL_SKILL),"Shortlist",IF(AND(I14>=RV_CUT,G14>=RV_SKILL),"Review","Not shortlisted")) -> Review | K14: =COUNTIFS($C$4:$C$203,C14,$I$4:$I$203,">"&I14)+1 -> 11 | L14: =IF(OR(AND(I14>=SL_CUT,G14<SL_SKILL),AND(I14>=RV_CUT,G14<RV_SKILL)),"Capped by minimum-skills rule","") | M14: none | N14: Strengths: experience in band, role-relevant achievement. Gaps: degree off-spec. Qualification: BBA not the required degree (6/25). Experience: 3 yrs, inside 2-4 band (25/25). Skills (16/40): has financial modelling, Power BI; missing Excel, valuation, variance analysis. Achievement: Power BI dashboard for 30 managers (10/10). | O14: test Excel, valuation, variance analysis | P14: =A14&"|"&C14 -> CV005|JD3
A15: CV009 | B15: =INDEX(Resumes!$B$2:$B$101,MATCH(A15,Resumes!$A$2:$A$101,0)) -> Vivaan Das | C15: JD3 | D15: =INDEX('Job Descriptions'!$B$2:$B$6,MATCH(C15,'Job Descriptions'!$A$2:$A$6,0)) -> Financial Analyst | E15: 25 | F15: 20 | G15: 8 | H15: 4 | I15: =SUM(E15:H15) -> 57 | J15: =IF(AND(I15>=SL_CUT,G15>=SL_SKILL),"Shortlist",IF(AND(I15>=RV_CUT,G15>=RV_SKILL),"Review","Not shortlisted")) -> Review | K15: =COUNTIFS($C$4:$C$203,C15,$I$4:$I$203,">"&I15)+1 -> 11 | L15: =IF(OR(AND(I15>=SL_CUT,G15<SL_SKILL),AND(I15>=RV_CUT,G15<RV_SKILL)),"Capped by minimum-skills rule","") | M15: none | N15: Strengths: right degree. Gaps: over-experienced for band, weak skill match. Qualification: MBA Finance meets requirement (25/25). Experience: 5.8 yrs, 1.8 above 2-4 band (20/25). Skills (8/40): has valuation; missing financial modelling, Excel, variance analysis, Power BI. Achievement: vendor on-time delivery 78%->92% (4/10). | O15: test financial modelling, Excel, variance analysis, Power BI; check fit/expectations given seniority | P15: =A15&"|"&C15 -> CV009|JD3
... A203: CV078 | B203: =INDEX(Resumes!$B$2:$B$101,MATCH(A203,Resumes!$A$2:$A$101,0)) -> Deepak Rao | C203: JD5 | D203: =INDEX('Job Descriptions'!$B$2:$B$6,MATCH(C203,'Job Descriptions'!$A$2:$A$6,0)) -> Product Manager - Fintech | E203: 5 | F203: 0 | G203: 0 | H203: 4 | I203: =SUM(E203:H203) -> 9 | J203: =IF(AND(I203>=SL_CUT,G203>=SL_SKILL),"Shortlist",IF(AND(I203>=RV_CUT,G203>=RV_SKILL),"Review","Not shortlisted")) -> Not shortlisted | K203: =COUNTIFS($C$4:$C$203,C203,$I$4:$I$203,">"&I203)+1 -> 100 | L203: =IF(OR(AND(I203>=SL_CUT,G203<SL_SKILL),AND(I203>=RV_CUT,G203<RV_SKILL)),"Capped by minimum-skills rule","") | M203: none | N203: No clear strengths. Gaps: degree off-spec, under-experienced, weak skill match. Qualification: BBA not the required degree (5/25). Experience: 0.4 yrs, 2.6 below 3-6 band (0/25). Skills (0/40): has none of the 5; missing product roadmap, user research, SQL, agile, UPI/payments. Achievement: vendor on-time delivery 78%->92% (4/10). | O203: test product roadmap, user research, SQL, agile, UPI/payments; check depth of hands-on experience | P203: =A203&"|"&C203 -> CV078|JD5

Sheet Scoring Prompt
A1: Scoring prompt (final, v3.1) and rubric
A2: The AI fills the four component scores, partial credit, reason and probes. Excel adds them up and makes the decision. Yellow cells are settings you can change.
A4: Prompt part | B4: Prompt text (exact) - paste parts 1-7 together as one message, once per resume-JD pair
A5: 1. Role | B5: You are a fair, evidence-based resume screener supporting a hiring team. You score; humans decide.
A6: 2. Task | B6: Score ONE resume against ONE job description using only the rubric below. Use only facts written in the resume. If something is not stated, give it no credit - do not guess.
A7: 3. Inputs | B7: JOB DESCRIPTION: {jd_id} | {role} | {requirements} RESUME: {candidate_id} | {resume_summary} QUALIFICATION TABLE and ACHIEVEMENT TABLE for this JD: {paste the matching columns from the tables below}
A8: 4. Rubric (100 pts) | B8: Qualification 0-25: from the qualification table. Experience 0-25: inside the JD band = 25; below by up to 1 yr = 15; below by more than 1 and up to 2 yrs = 8; below by more than 2 yrs = 0; above by up to 2 yrs = 20; above by more than 2 yrs = 12. Skills 0-40: 8 points for each of the 5 required skills that appears in 'Key skills'. Achievement 0-10: from the achievement table.
A9: 5. Partial credit | B9: If a required skill is NOT in 'Key skills', give 4 points only when one of these rules applies (never more than 8 for one skill): JD3: Tableau listed -> Power BI; Power BI named in the achievement -> Power BI; Excel named in the achievement -> Excel. JD5: most recent employer is a fintech start-up or a bank (sector exposure) -> UPI/payments; A/B testing listed -> user research. List every partial credit as 'skill <- evidence'.
A10: 6. Do not use | B10: Ignore and never mention: name, gender, age, religion, caste, region or language, marital or family status, institute tier or college name, career gaps or their reasons, employer brand or prestige. These are not job requirements.
A11: 7. Output format | B11: Return exactly one line, pipe-separated, no other text: candidate_id | jd_id | qual_pts | exp_pts | skill_pts | ach_pts | partial_credit ('none' if none) | reason (max 70 words: 'Strengths: ... Gaps: ...', then one clause per rubric line naming skills found and missing) | interview_probes Do NOT compute the total or a decision - the spreadsheet does that.
A13: Decision rules - applied by Excel formulas, not by the AI
A14: Setting | B14: Value | C14: Meaning
A15: Shortlist: minimum total | B15: 60 | C15: Total score at or above this goes to Shortlist (interview) if the skills minimum below is also met.
A16: Shortlist: minimum skill points | B16: 12 | C16: Added in v3.1: at least 1.5 required skills of evidence (e.g. one listed + one partial).
A17: Review: minimum total | B17: 55 | C17: Total at or above this (but below Shortlist) goes to a human recruiter. Nobody in this band is auto-rejected.
A18: Review: minimum skill points | B18: 8 | C18: Added in v3.1: at least one required skill evidenced. Stops degree + years alone from reaching Review.
A20: Role parameters (the two roles screened)
A21: jd_id | B21: role | C21: band_low (yrs) | D21: band_high (yrs) | E21: skill_1 | F21: skill_2 | G21: skill_3 | H21: skill_4 | I21: skill_5
A22: JD3 | B22: Financial Analyst | C22: 2 | D22: 4 | E22: financial modelling | F22: Excel | G22: valuation | H22: variance analysis | I22: Power BI
A23: JD5 | B23: Product Manager - Fintech | C23: 3 | D23: 6 | E23: product roadmap | F23: user research | G23: SQL | H23: agile | I23: UPI/payments
A25: Qualification points (0-25)
A26: qualification | B26: JD3 | C26: JD5 | D26: Rationale
A27: MBA Finance | B27: 25 | C27: 15 | D27: JD3: required. JD5: MBA without stated tech background.
A28: CA | B28: 25 | C28: 5 | D28: JD3: required (MBA Finance or CA). JD5: not an MBA.
A29: B.Tech + MBA | B29: 12 | C29: 25 | D29: JD3: MBA, specialisation not stated. JD5: exactly "MBA with tech background".
A30: MBA Marketing | B30: 12 | C30: 15 | D30: MBA, but not the specialisation asked for.
A31: MBA HR | B31: 12 | C31: 15 | D31: MBA, but not the specialisation asked for.
A32: MBA Operations | B32: 12 | C32: 15 | D32: MBA, but not the specialisation asked for.
A33: B.Com | B33: 8 | C33: 5 | D33: Commerce graduate: some finance grounding for JD3, none of the MBA ask.
A34: BBA | B34: 6 | C34: 5 | D34: Business graduate, no MBA.
A36: Achievement relevance points (0-10)
A37: achievement (exact text in resume) | B37: JD3 | C37: JD5 | D37: Rationale
A38: built a Power BI sales dashboard used by 30 managers | B38: 10 | C38: 7 | D38: JD3: uses a required tool at scale. JD5: shipped a data product with real user adoption.
A39: cut reporting time by 40% by automating Excel reports | B39: 10 | C39: 6 | D39: JD3: core analyst work in a required tool. JD5: process automation, quantified.
A40: improved vendor on-time delivery from 78% to 92% | B40: 4 | C40: 4 | D40: Quantified impact, but in operations, not the target function.
A41: handled 120 hires in one year | B41: 3 | C41: 3 | D41: Quantified, but HR work unrelated to either role.
A42: led a 5-member campus marketing team | B42: 3 | C42: 5 | D42: Leadership at campus level; more relevant to a PM (JD5) than an analyst.
A43: no major achievement listed | B43: 0 | C43: 0 | D43: No evidence to score.
A45: Experience points (0-25)
A46: Rule | B46: Points
A47: Inside the JD band | B47: 25
A48: Below band by up to 1 yr | B48: 15
A49: Below band by more than 1, up to 2 yrs | B49: 8
A50: Below band by more than 2 yrs | B50: 0
A51: Above band by up to 2 yrs | B51: 20
A52: Above band by more than 2 yrs | B52: 12
A54: Partial-credit rules (4 pts each; a skill can never exceed 8)
A55: jd_id | B55: Required skill | C55: Evidence accepted
A56: JD3 | B56: Power BI | C56: Tableau listed (equivalent BI tool), or Power BI named in the achievement
A57: JD3 | B57: Excel | C57: Excel named in the achievement (e.g. automating Excel reports)
A58: JD5 | B58: UPI/payments | C58: Most recent employer is a fintech start-up or a bank (sector exposure)
A59: JD5 | B59: user research | C59: A/B testing listed (customer-insight method)
A60: Both | B60: variance analysis / others | C60: No partial credit. Nobody in the pool lists variance analysis, so it is tested at interview.
A62: How the screening was run
A63: Tool: Claude (claude.ai, Claude Opus 5.5) with file upload and code execution. Claude applied this prompt to all 200 resume-JD pairs (100 resumes x JD3, JD5). To give every pair identical treatment, Claude ran the rubric as a script in its sandbox that reads the resume_summary text - the same text a chatbot would see - and wrote the component scores, partial credit, reason and probes into 'Scored Shortlist'. Every number was then re-computed independently with Excel formulas in 'Rule Check'.

Sheet Prompt Iterations
A1: Prompt iterations - v1 to v3.1, with rejected outputs kept
A2: Each round: exact prompt, what it was tested on, what failed (with numbers), and the change made.
A4: Version | B4: Prompt text (exact) | C4: Tested on | D4: What worked | E4: What failed (evidence) | F4: Change made next | G4: Status
A5: v1 | B5: Score this resume out of 100 for the job description below and give reasons. JOB DESCRIPTION: JD3 Financial Analyst - MBA Finance or CA; 2-4 years; skills: financial modelling, Excel, valuation, variance analysis, Power BI. RESUME: {resume_summary} | C5: Pilot: 5 JD3 resumes (CV015, CV023, CV043, CV097, CV073) | D5: Fast; reasons were readable and picked up the main skills. | E5: No score breakdown, so no number could be verified. 4 of 5 reasons cited institute tier or a career gap. Average 66 vs 49 under the final rubric (same 5 resumes): unanchored and inflated. Free text could not be pasted into Excel. | F5: Added a fixed 100-point rubric and a one-line pipe-separated output. | G5: Rejected
A6: v2 | B6: You are a resume screener. Score the resume against the job description using this rubric (100 points): Qualification 0-25 (exact required degree 25, other MBA 12-15, other degree 5-8); Experience 0-25 (inside band 25; up to 1 yr below 15; 1-2 yrs below 8; more 0; up to 2 yrs above 20; more 12); Skills 0-40 (8 points for each required skill that appears in the Key skills list); Achievement 0-10 (relevance of the listed achievement to the role). Then adjust: +5 for a tier-1 institute, -5 for a tier-3 institute, -5 for any career gap. Output one line: candidate_id | jd_id | qual | exp | skills | achievement | adjustment | total | reason (max 40 words). JOB DESCRIPTION: {jd} RESUME: {resume_summary} | C6: All 200 resume-JD pairs | D6: Every component visible and checkable; output pasted straight into Excel. | E6: Tier/gap adjustments are not job requirements: on their own they flip 23 of 200 decisions and halve the JD3 female shortlist rate (7.7% to 3.8%) - see Fairness Audit. Exact-match skills ignored real evidence (Tableau for Power BI, fintech employer for payments): 77 of 200 pairs under-scored by 4-8 points. AI also added up the total itself (arithmetic risk). | F6: Removed adjustments; added a DO-NOT-USE list; added 5 explicit partial-credit rules; moved total and decision to Excel. | G6: Rejected
A7: v3 | B7: Parts 1-7 on 'Scoring Prompt' (final text), without the minimum-skills rule. | C7: All 200 pairs + 20-row manual spot-check | D7: Scores reproduced exactly by independent formulas; reasons name skills found and missing; 0 reasons mention tier, gap, gender or the candidate name. | E7: Spot-check: CV022 (0 of 5 JD5 skills) reached the Review band on degree + years alone (57); CV040 was shortlisted for JD3 with 1 of 5 skills (63). Reasons gave no hint why a strong-looking total was held back. | F7: Added minimum-skills gate in the Excel decision formula (not in the prompt) and a 'decision note' column. | G7: Superseded
A8: v3.1 | B8: Same prompt as v3 + Excel decision rule: Shortlist needs total >= 60 AND skill pts >= 12; Review needs total >= 55 AND skill pts >= 8. | C8: All 200 pairs | D8: Changed exactly 2 decisions (CV040 JD3 Shortlist -> Review; CV022 JD5 Review -> Not shortlisted). Thresholds are editable cells, so the hiring manager can tune them. | E8: Partial credit is used in 77 of 200 pairs, so that evidence must be confirmed at interview (probe column). | F8: Final - no prompt change needed. | G8: Kept
A10: v1 pilot outputs (verbatim, rejected) compared with the final score
A11: candidate_id | B11: v1 output (Claude, holistic, no rubric) | C11: v1 score | D11: v3.1 score | E11: Difference | F11: Non-job attribute cited?
A12: CV015 | B12: Score: 78/100. Aarav is a strong candidate with an MBA in Finance from a tier-1 institute and nearly 7 years of experience. He has valuation and Excel skills, which are core to the role. He lacks financial modelling and Power BI. His experience exceeds the 2-4 year requirement, so he may be overqualified. | C12: 78 | D12: =INDEX('Scored Shortlist'!$I$4:$I$203,MATCH(A12&"|JD3",'Scored Shortlist'!$P$4:$P$203,0)) -> 53 | E12: =C12-D12 -> 25 | F12: Yes - institute tier
A13: CV023 | B13: Score: 50/100. Suresh has the right degree and financial modelling skills, but with only 0.1 years of experience he is essentially a fresher. Being from a tier-3 institute, he may need more training. | C13: 50 | D13: =INDEX('Scored Shortlist'!$I$4:$I$203,MATCH(A13&"|JD3",'Scored Shortlist'!$P$4:$P$203,0)) -> 41 | E13: =C13-D13 -> 9 | F13: Yes - institute tier
A14: CV043 | B14: Score: 60/100. Isha has an MBA Finance and valuation skills, and Tableau is similar to Power BI. She is just under 2 years of experience and has a 6-month career gap, which may be a concern. | C14: 60 | D14: =INDEX('Scored Shortlist'!$I$4:$I$203,MATCH(A14&"|JD3",'Scored Shortlist'!$P$4:$P$203,0)) -> 55 | E14: =C14-D14 -> 5 | F14: Yes - career gap
A15: CV097 | B15: Score: 62/100. Manish has strong financial modelling and valuation skills and a lot of experience, but does not have an MBA or CA. | C15: 62 | D15: =INDEX('Scored Shortlist'!$I$4:$I$203,MATCH(A15&"|JD3",'Scored Shortlist'!$P$4:$P$203,0)) -> 40 | E15: =C15-D15 -> 22 | F15: No
A16: CV073 | B16: Score: 80/100. Gauri is a Chartered Accountant from a tier-1 institute with 7.7 years of experience and strong financial modelling and Excel skills. Excellent fit, though she may be overqualified. | C16: 80 | D16: =INDEX('Scored Shortlist'!$I$4:$I$203,MATCH(A16&"|JD3",'Scored Shortlist'!$P$4:$P$203,0)) -> 57 | E16: =C16-D16 -> 23 | F16: Yes - institute tier
A17: Average | C17: =AVERAGE(C12:C16) -> 66 | D17: =AVERAGE(D12:D16) -> 49.2 | E17: =C17-D17 -> 16.8 | F17: =COUNTIF(F12:F16,"Yes*")&" of 5 cite a non-job attribute" -> 4 of 5 cite a non-job attribute
A19: Guidelines - first draft (rejected) and why
A20: Version | B20: Prompt (exact) | C20: Output (verbatim) | D20: What failed | E20: Change made next
A21: G-v1 | B21: Write guidelines for fair AI-assisted resume screening. | C21: 1. Remove names and photos from resumes. 2. Use diverse training data. 3. Regularly audit the AI for bias. 4. Keep a human in the loop. 5. Be transparent with candidates. 6. Comply with data protection laws. | D21: Generic: no thresholds, owners, or checks. 'Diverse training data' does not apply (no model is trained here). Nothing tied to this project's evidence. | E21: Re-prompted: each rule must be specific to this screener, cite a number from this project, and name an owner and a check frequency. Result on 'Guidelines'.

Sheet Rule Check
A1: Rule check - independent Excel re-computation of every AI score
A2: Recomputes qualification, experience, exact-skill and achievement points from the raw Resumes sheet with formulas, then checks the AI components. Skill difference must equal 4 x number of partial credits.
A3: candidate_id | B3: jd_id | C3: qualification | D3: years | E3: skills (from Resumes) | F3: resume_summary | G3: achievement (MID/FIND) | H3: band_low | I3: band_high | J3: rule qual | K3: rule exp | L3: exact skills found | M3: rule skill pts | N3: rule ach | O3: rule total | P3: AI qual | Q3: AI exp | R3: AI skill | S3: AI ach | T3: AI total | U3: partials (AI) | V3: qual ok | W3: exp ok | X3: ach ok | Y3: skill diff | Z3: expected diff | AA3: skill ok | AB3: ROW CHECK | AC3: decision if exact-match only | AD3: first name in reason?
A4: ='Scored Shortlist'!A4 -> CV051 | B4: ='Scored Shortlist'!C4 -> JD3 | C4: =INDEX(Resumes!$D$2:$D$101,MATCH(A4,Resumes!$A$2:$A$101,0)) -> CA | D4: =INDEX(Resumes!$E$2:$E$101,MATCH(A4,Resumes!$A$2:$A$101,0)) -> 3.4 | E4: =INDEX(Resumes!$G$2:$G$101,MATCH(A4,Resumes!$A$2:$A$101,0)) -> valuation, Excel, campaign management, public speaking, Tableau, Google Analytics, product roadmap | F4: =INDEX(Resumes!$I$2:$I$101,MATCH(A4,Resumes!$A$2:$A$101,0)) -> Shreya Shah, CA from a tier-3 institute. 3.4 years of experience, most recently at an IT services firm. Key skills: valuation, Excel, campaign management, public speaking, Tableau, Google Analytics, product roadmap. Achievement: led a 5-member campus marketing team. Career gap: 1-year career break (family). | G4: =MID(F4,FIND("Achievement: ",F4)+13,FIND(". Career gap",F4)-FIND("Achievement: ",F4)-13) -> led a 5-member campus marketing team | H4: =INDEX('Scoring Prompt'!$C$22:$C$23,MATCH(B4,'Scoring Prompt'!$A$22:$A$23,0)) -> 2 | I4: =INDEX('Scoring Prompt'!$D$22:$D$23,MATCH(B4,'Scoring Prompt'!$A$22:$A$23,0)) -> 4 | J4: =INDEX('Scoring Prompt'!$B$27:$C$34,MATCH(C4,'Scoring Prompt'!$A$27:$A$34,0),MATCH(B4,'Scoring Prompt'!$B$26:$C$26,0)) -> 25 | K4: =IF(AND(D4>=H4,D4<=I4),'Scoring Prompt'!$B$47,IF(D4<H4,IF(H4-D4<=1,'Scoring Prompt'!$B$48,IF(H4-D4<=2,'Scoring Prompt'!$B$49,'Scoring Prompt'!$B$50)),IF(D4-I4<=2,'Scoring Prompt'!$B$51,'Scoring Prompt'!$B$52))) -> 25 | L4: =IF(B4="JD3",SUMPRODUCT(--ISNUMBER(SEARCH('Scoring Prompt'!$E$22:$I$22,E4))),SUMPRODUCT(--ISNUMBER(SEARCH('Scoring Prompt'!$E$23:$I$23,E4)))) -> 2 | M4: =8*L4 -> 16 | N4: =INDEX('Scoring Prompt'!$B$38:$C$43,MATCH(G4,'Scoring Prompt'!$A$38:$A$43,0),MATCH(B4,'Scoring Prompt'!$B$37:$C$37,0)) -> 3 | O4: =J4+K4+M4+N4 -> 69 | P4: ='Scored Shortlist'!E4 -> 25 | Q4: ='Scored Shortlist'!F4 -> 25 | R4: ='Scored Shortlist'!G4 -> 20 | S4: ='Scored Shortlist'!H4 -> 3 | T4: ='Scored Shortlist'!I4 -> 73 | U4: =IF('Scored Shortlist'!M4="none",0,(LEN('Scored Shortlist'!M4)-LEN(SUBSTITUTE('Scored Shortlist'!M4,"<-","")))/2) -> 1 | V4: =IF(P4=J4,1,0) -> 1 | W4: =IF(Q4=K4,1,0) -> 1 | X4: =IF(S4=N4,1,0) -> 1 | Y4: =R4-M4 -> 4 | Z4: =4*U4 -> 4 | AA4: =IF(Y4=Z4,1,0) -> 1 | AB4: =IF(V4+W4+X4+AA4=4,"OK","CHECK") -> OK | AC4: =IF(AND(O4>=SL_CUT,M4>=SL_SKILL),"Shortlist",IF(AND(O4>=RV_CUT,M4>=RV_SKILL),"Review","Not shortlisted")) -> Shortlist | AD4: =IF(ISNUMBER(SEARCH(" "&LEFT('Scored Shortlist'!B4,FIND(" ",'Scored Shortlist'!B4)-1)&" "," "&'Scored Shortlist'!N4&" ")),"YES","no") -> no
A5: ='Scored Shortlist'!A5 -> CV019 | B5: ='Scored Shortlist'!C5 -> JD3 | C5: =INDEX(Resumes!$D$2:$D$101,MATCH(A5,Resumes!$A$2:$A$101,0)) -> MBA Finance | D5: =INDEX(Resumes!$E$2:$E$101,MATCH(A5,Resumes!$A$2:$A$101,0)) -> 3.5 | E5: =INDEX(Resumes!$G$2:$G$101,MATCH(A5,Resumes!$A$2:$A$101,0)) -> SEO, product roadmap, A/B testing, Excel, user research | F5: =INDEX(Resumes!$I$2:$I$101,MATCH(A5,Resumes!$A$2:$A$101,0)) -> Rahul Pawar, MBA Finance from a tier-3 institute. 3.5 years of experience, most recently at a consulting firm. Key skills: SEO, product roadmap, A/B testing, Excel, user research. Achievement: built a Power BI sales dashboard used by 30 managers. Career gap: None. | G5: =MID(F5,FIND("Achievement: ",F5)+13,FIND(". Career gap",F5)-FIND("Achievement: ",F5)-13) -> built a Power BI sales dashboard used by 30 managers | H5: =INDEX('Scoring Prompt'!$C$22:$C$23,MATCH(B5,'Scoring Prompt'!$A$22:$A$23,0)) -> 2 | I5: =INDEX('Scoring Prompt'!$D$22:$D$23,MATCH(B5,'Scoring Prompt'!$A$22:$A$23,0)) -> 4 | J5: =INDEX('Scoring Prompt'!$B$27:$C$34,MATCH(C5,'Scoring Prompt'!$A$27:$A$34,0),MATCH(B5,'Scoring Prompt'!$B$26:$C$26,0)) -> 25 | K5: =IF(AND(D5>=H5,D5<=I5),'Scoring Prompt'!$B$47,IF(D5<H5,IF(H5-D5<=1,'Scoring Prompt'!$B$48,IF(H5-D5<=2,'Scoring Prompt'!$B$49,'Scoring Prompt'!$B$50)),IF(D5-I5<=2,'Scoring Prompt'!$B$51,'Scoring Prompt'!$B$52))) -> 25 | L5: =IF(B5="JD3",SUMPRODUCT(--ISNUMBER(SEARCH('Scoring Prompt'!$E$22:$I$22,E5))),SUMPRODUCT(--ISNUMBER(SEARCH('Scoring Prompt'!$E$23:$I$23,E5)))) -> 1 | M5: =8*L5 -> 8 | N5: =INDEX('Scoring Prompt'!$B$38:$C$43,MATCH(G5,'Scoring Prompt'!$A$38:$A$43,0),MATCH(B5,'Scoring Prompt'!$B$37:$C$37,0)) -> 10 | O5: =J5+K5+M5+N5 -> 68 | P5: ='Scored Shortlist'!E5 -> 25 | Q5: ='Scored Shortlist'!F5 -> 25 | R5: ='Scored Shortlist'!G5 -> 12 | S5: ='Scored Shortlist'!H5 -> 10 | T5: ='Scored Shortlist'!I5 -> 72 | U5: =IF('Scored Shortlist'!M5="none",0,(LEN('Scored Shortlist'!M5)-LEN(SUBSTITUTE('Scored Shortlist'!M5,"<-","")))/2) -> 1 | V5: =IF(P5=J5,1,0) -> 1 | W5: =IF(Q5=K5,1,0) -> 1 | X5: =IF(S5=N5,1,0) -> 1 | Y5: =R5-M5 -> 4 | Z5: =4*U5 -> 4 | AA5: =IF(Y5=Z5,1,0) -> 1 | AB5: =IF(V5+W5+X5+AA5=4,"OK","CHECK") -> OK | AC5: =IF(AND(O5>=SL_CUT,M5>=SL_SKILL),"Shortlist",IF(AND(O5>=RV_CUT,M5>=RV_SKILL),"Review","Not shortlisted")) -> Review | AD5: =IF(ISNUMBER(SEARCH(" "&LEFT('Scored Shortlist'!B5,FIND(" ",'Scored Shortlist'!B5)-1)&" "," "&'Scored Shortlist'!N5&" ")),"YES","no") -> no
A6: ='Scored Shortlist'!A6 -> CV025 | B6: ='Scored Shortlist'!C6 -> JD3 | C6: =INDEX(Resumes!$D$2:$D$101,MATCH(A6,Resumes!$A$2:$A$101,0)) -> MBA Finance | D6: =INDEX(Resumes!$E$2:$E$101,MATCH(A6,Resumes!$A$2:$A$101,0)) -> 5.5 | E6: =INDEX(Resumes!$G$2:$G$101,MATCH(A6,Resumes!$A$2:$A$101,0)) -> recruitment, Tableau, financial modelling, inventory planning, vendor management, content writing, valuation, Python | F6: =INDEX(Resumes!$I$2:$I$101,MATCH(A6,Resumes!$A$2:$A$101,0)) -> Kavya Verma, MBA Finance from a tier-3 institute. 5.5 years of experience, most recently at a consulting firm. Key skills: recruitment, Tableau, financial modelling, inventory planning, vendor management, content writing, valuation, Python. Achievement: handled 120 hires in one year. Career gap: 6-month gap (exam preparation). | G6: =MID(F6,FIND("Achievement: ",F6)+13,FIND(". Career gap",F6)-FIND("Achievement: ",F6)-13) -> handled 120 hires in one year | H6: =INDEX('Scoring Prompt'!$C$22:$C$23,MATCH(B6,'Scoring Prompt'!$A$22:$A$23,0)) -> 2 | I6: =INDEX('Scoring Prompt'!$D$22:$D$23,MATCH(B6,'Scoring Prompt'!$A$22:$A$23,0)) -> 4 | J6: =INDEX('Scoring Prompt'!$B$27:$C$34,MATCH(C6,'Scoring Prompt'!$A$27:$A$34,0),MATCH(B6,'Scoring Prompt'!$B$26:$C$26,0)) -> 25 | K6: =IF(AND(D6>=H6,D6<=I6),'Scoring Prompt'!$B$47,IF(D6<H6,IF(H6-D6<=1,'Scoring Prompt'!$B$48,IF(H6-D6<=2,'Scoring Prompt'!$B$49,'Scoring Prompt'!$B$50)),IF(D6-I6<=2,'Scoring Prompt'!$B$51,'Scoring Prompt'!$B$52))) -> 20 | L6: =IF(B6="JD3",SUMPRODUCT(--ISNUMBER(SEARCH('Scoring Prompt'!$E$22:$I$22,E6))),SUMPRODUCT(--ISNUMBER(SEARCH('Scoring Prompt'!$E$23:$I$23,E6)))) -> 2 | M6: =8*L6 -> 16 | N6: =INDEX('Scoring Prompt'!$B$38:$C$43,MATCH(G6,'Scoring Prompt'!$A$38:$A$43,0),MATCH(B6,'Scoring Prompt'!$B$37:$C$37,0)) -> 3 | O6: =J6+K6+M6+N6 -> 64 | P6: ='Scored Shortlist'!E6 -> 25 | Q6: ='Scored Shortlist'!F6 -> 20 | R6: ='Scored Shortlist'!G6 -> 20 | S6: ='Scored Shortlist'!H6 -> 3 | T6: ='Scored Shortlist'!I6 -> 68 | U6: =IF('Scored Shortlist'!M6="none",0,(LEN('Scored Shortlist'!M6)-LEN(SUBSTITUTE('Scored Shortlist'!M6,"<-","")))/2) -> 1 | V6: =IF(P6=J6,1,0) -> 1 | W6: =IF(Q6=K6,1,0) -> 1 | X6: =IF(S6=N6,1,0) -> 1 | Y6: =R6-M6 -> 4 | Z6: =4*U6 -> 4 | AA6: =IF(Y6=Z6,1,0) -> 1 | AB6: =IF(V6+W6+X6+AA6=4,"OK","CHECK") -> OK | AC6: =IF(AND(O6>=SL_CUT,M6>=SL_SKILL),"Shortlist",IF(AND(O6>=RV_CUT,M6>=RV_SKILL),"Review","Not shortlisted")) -> Shortlist | AD6: =IF(ISNUMBER(SEARCH(" "&LEFT('Scored Shortlist'!B6,FIND(" ",'Scored Shortlist'!B6)-1)&" "," "&'Scored Shortlist'!N6&" ")),"YES","no") -> no
A7: ='Scored Shortlist'!A7 -> CV055 | B7: ='Scored Shortlist'!C7 -> JD3 | C7: =INDEX(Resumes!$D$2:$D$101,MATCH(A7,Resumes!$A$2:$A$101,0)) -> CA | D7: =INDEX(Resumes!$E$2:$E$101,MATCH(A7,Resumes!$A$2:$A$101,0)) -> 7.3 | E7: =INDEX(Resumes!$G$2:$G$101,MATCH(A7,Resumes!$A$2:$A$101,0)) -> HR analytics, Tableau, employee relations, A/B testing, valuation, SQL, Google Analytics, Excel | F7: =INDEX(Resumes!$I$2:$I$101,MATCH(A7,Resumes!$A$2:$A$101,0)) -> Joseph Jadhav, CA from a tier-3 institute. 7.3 years of experience, most recently at a bank. Key skills: HR analytics, Tableau, employee relations, A/B testing, valuation, SQL, Google Analytics, Excel. Achievement: cut reporting time by 40% by automating Excel reports. Career gap: None. | G7: =MID(F7,FIND("Achievement: ",F7)+13,FIND(". Career gap",F7)-FIND("Achievement: ",F7)-13) -> cut reporting time by 40% by automating Excel reports | H7: =INDEX('Scoring Prompt'!$C$22:$C$23,MATCH(B7,'Scoring Prompt'!$A$22:$A$23,0)) -> 2 | I7: =INDEX('Scoring Prompt'!$D$22:$D$23,MATCH(B7,'Scoring Prompt'!$A$22:$A$23,0)) -> 4 | J7: =INDEX('Scoring Prompt'!$B$27:$C$34,MATCH(C7,'Scoring Prompt'!$A$27:$A$34,0),MATCH(B7,'Scoring Prompt'!$B$26:$C$26,0)) -> 25 | K7: =IF(AND(D7>=H7,D7<=I7),'Scoring Prompt'!$B$47,IF(D7<H7,IF(H7-D7<=1,'Scoring Prompt'!$B$48,IF(H7-D7<=2,'Scoring Prompt'!$B$49,'Scoring Prompt'!$B$50)),IF(D7-I7<=2,'Scoring Prompt'!$B$51,'Scoring Prompt'!$B$52))) -> 12 | L7: =IF(B7="JD3",SUMPRODUCT(--ISNUMBER(SEARCH('Scoring Prompt'!$E$22:$I$22,E7))),SUMPRODUCT(--ISNUMBER(SEARCH('Scoring Prompt'!$E$23:$I$23,E7)))) -> 2 | M7: =8*L7 -> 16 | N7: =INDEX('Scoring Prompt'!$B$38:$C$43,MATCH(G7,'Scoring Prompt'!$A$38:$A$43,0),MATCH(B7,'Scoring Prompt'!$B$37:$C$37,0)) -> 10 | O7: =J7+K7+M7+N7 -> 63 | P7: ='Scored Shortlist'!E7 -> 25 | Q7: ='Scored Shortlist'!F7 -> 12 | R7: ='Scored Shortlist'!G7 -> 20 | S7: ='Scored Shortlist'!H7 -> 10 | T7: ='Scored Shortlist'!I7 -> 67 | U7: =IF('Scored Shortlist'!M7="none",0,(LEN('Scored Shortlist'!M7)-LEN(SUBSTITUTE('Scored Shortlist'!M7,"<-","")))/2) -> 1 | V7: =IF(P7=J7,1,0) -> 1 | W7: =IF(Q7=K7,1,0) -> 1 | X7: =IF(S7=N7,1,0) -> 1 | Y7: =R7-M7 -> 4 | Z7: =4*U7 -> 4 | AA7: =IF(Y7=Z7,1,0) -> 1 | AB7: =IF(V7+W7+X7+AA7=4,"OK","CHECK") -> OK | AC7: =IF(AND(O7>=SL_CUT,M7>=SL_SKILL),"Shortlist",IF(AND(O7>=RV_CUT,M7>=RV_SKILL),"Review","Not shortlisted")) -> Shortlist | AD7: =IF(ISNUMBER(SEARCH(" "&LEFT('Scored Shortlist'!B7,FIND(" ",'Scored Shortlist'!B7)-1)&" "," "&'Scored Shortlist'!N7&" ")),"YES","no") -> no
A8: ='Scored Shortlist'!A8 -> CV099 | B8: ='Scored Shortlist'!C8 -> JD3 | C8: =INDEX(Resumes!$D$2:$D$101,MATCH(A8,Resumes!$A$2:$A$101,0)) -> MBA Finance | D8: =INDEX(Resumes!$E$2:$E$101,MATCH(A8,Resumes!$A$2:$A$101,0)) -> 4.5 | E8: =INDEX(Resumes!$G$2:$G$101,MATCH(A8,Resumes!$A$2:$A$101,0)) -> A/B testing, Excel, Python, recruitment, stakeholder management, Tableau, agile | F8: =INDEX(Resumes!$I$2:$I$101,MATCH(A8,Resumes!$A$2:$A$101,0)) -> Tushar Deshmukh, MBA Finance from a tier-2 institute. 4.5 years of experience, most recently at a retail chain. Key skills: A/B testing, Excel, Python, recruitment, stakeholder management, Tableau, agile. Achievement: cut reporting time by 40% by automating Excel reports. Career gap: 1-year career break (family). | G8: =MID(F8,FIND("Achievement: ",F8)+13,FIND(". Career gap",F8)-FIND("Achievement: ",F8)-13) -> cut reporting time by 40% by automating Excel reports | H8: =INDEX('Scoring Prompt'!$C$22:$C$23,MATCH(B8,'Scoring Prompt'!$A$22:$A$23,0)) -> 2 | I8: =INDEX('Scoring Prompt'!$D$22:$D$23,MATCH(B8,'Scoring Prompt'!$A$22:$A$23,0)) -> 4 | J8: =INDEX('Scoring Prompt'!$B$27:$C$34,MATCH(C8,'Scoring Prompt'!$A$27:$A$34,0),MATCH(B8,'Scoring Prompt'!$B$26:$C$26,0)) -> 25 | K8: =IF(AND(D8>=H8,D8<=I8),'Scoring Prompt'!$B$47,IF(D8<H8,IF(H8-D8<=1,'Scoring Prompt'!$B$48,IF(H8-D8<=2,'Scoring Prompt'!$B$49,'Scoring Prompt'!$B$50)),IF(D8-I8<=2,'Scoring Prompt'!$B$51,'Scoring Prompt'!$B$52))) -> 20 | L8: =IF(B8="JD3",SUMPRODUCT(--ISNUMBER(SEARCH('Scoring Prompt'!$E$22:$I$22,E8))),SUMPRODUCT(--ISNUMBER(SEARCH('Scoring Prompt'!$E$23:$I$23,E8)))) -> 1 | M8: =8*L8 -> 8 | N8: =INDEX('Scoring Prompt'!$B$38:$C$43,MATCH(G8,'Scoring Prompt'!$A$38:$A$43,0),MATCH(B8,'Scoring Prompt'!$B$37:$C$37,0)) -> 10 | O8: =J8+K8+M8+N8 -> 63 | P8: ='Scored Shortlist'!E8 -> 25 | Q8: ='Scored Shortlist'!F8 -> 20 | R8: ='Scored Shortlist'!G8 -> 12 | S8: ='Scored Shortlist'!H8 -> 10 | T8: ='Scored Shortlist'!I8 -> 67 | U8: =IF('Scored Shortlist'!M8="none",0,(LEN('Scored Shortlist'!M8)-LEN(SUBSTITUTE('Scored Shortlist'!M8,"<-","")))/2) -> 1 | V8: =IF(P8=J8,1,0) -> 1 | W8: =IF(Q8=K8,1,0) -> 1 | X8: =IF(S8=N8,1,0) -> 1 | Y8: =R8-M8 -> 4 | Z8: =4*U8 -> 4 | AA8: =IF(Y8=Z8,1,0) -> 1 | AB8: =IF(V8+W8+X8+AA8=4,"OK","CHECK") -> OK | AC8: =IF(AND(O8>=SL_CUT,M8>=SL_SKILL),"Shortlist",IF(AND(O8>=RV_CUT,M8>=RV_SKILL),"Review","Not shortlisted")) -> Review | AD8: =IF(ISNUMBER(SEARCH(" "&LEFT('Scored Shortlist'!B8,FIND(" ",'Scored Shortlist'!B8)-1)&" "," "&'Scored Shortlist'!N8&" ")),"YES","no") -> no
A9: ='Scored Shortlist'!A9 -> CV040 | B9: ='Scored Shortlist'!C9 -> JD3 | C9: =INDEX(Resumes!$D$2:$D$101,MATCH(A9,Resumes!$A$2:$A$101,0)) -> MBA Finance | D9: =INDEX(Resumes!$E$2:$E$101,MATCH(A9,Resumes!$A$2:$A$101,0)) -> 5.6 | E9: =INDEX(Resumes!$G$2:$G$101,MATCH(A9,Resumes!$A$2:$A$101,0)) -> product roadmap, A/B testing, Power BI, agile, demand forecasting, campaign management | F9: =INDEX(Resumes!$I$2:$I$101,MATCH(A9,Resumes!$A$2:$A$101,0)) -> Deepak Desai, MBA Finance from a tier-1 institute. 5.6 years of experience, most recently at a retail chain. Key skills: product roadmap, A/B testing, Power BI, agile, demand forecasting, campaign management. Achievement: built a Power BI sales dashboard used by 30 managers. Career gap: 6-month gap (exam preparation). | G9: =MID(F9,FIND("Achievement: ",F9)+13,FIND(". Career gap",F9)-FIND("Achievement: ",F9)-13) -> built a Power BI sales dashboard used by 30 managers | H9: =INDEX('Scoring Prompt'!$C$22:$C$23,MATCH(B9,'Scoring Prompt'!$A$22:$A$23,0)) -> 2 | I9: =INDEX('Scoring Prompt'!$D$22:$D$23,MATCH(B9,'Scoring Prompt'!$A$22:$A$23,0)) -> 4 | J9: =INDEX('Scoring Prompt'!$B$27:$C$34,MATCH(C9,'Scoring Prompt'!$A$27:$A$34,0),MATCH(B9,'Scoring Prompt'!$B$26:$C$26,0)) -> 25 | K9: =IF(AND(D9>=H9,D9<=I9),'Scoring Prompt'!$B$47,IF(D9<H9,IF(H9-D9<=1,'Scoring Prompt'!$B$48,IF(H9-D9<=2,'Scoring Prompt'!$B$49,'Scoring Prompt'!$B$50)),IF(D9-I9<=2,'Scoring Prompt'!$B$51,'Scoring Prompt'!$B$52))) -> 20 | L9: =IF(B9="JD3",SUMPRODUCT(--ISNUMBER(SEARCH('Scoring Prompt'!$E$22:$I$22,E9))),SUMPRODUCT(--ISNUMBER(SEARCH('Scoring Prompt'!$E$23:$I$23,E9)))) -> 1 | M9: =8*L9 -> 8 | N9: =INDEX('Scoring Prompt'!$B$38:$C$43,MATCH(G9,'Scoring Prompt'!$A$38:$A$43,0),MATCH(B9,'Scoring Prompt'!$B$37:$C$37,0)) -> 10 | O9: =J9+K9+M9+N9 -> 63 | P9: ='Scored Shortlist'!E9 -> 25 | Q9: ='Scored Shortlist'!F9 -> 20 | R9: ='Scored Shortlist'!G9 -> 8 | S9: ='Scored Shortlist'!H9 -> 10 | T9: ='Scored Shortlist'!I9 -> 63 | U9: =IF('Scored Shortlist'!M9="none",0,(LEN('Scored Shortlist'!M9)-LEN(SUBSTITUTE('Scored Shortlist'!M9,"<-","")))/2) -> 0 | V9: =IF(P9=J9,1,0) -> 1 | W9: =IF(Q9=K9,1,0) -> 1 | X9: =IF(S9=N9,1,0) -> 1 | Y9: =R9-M9 -> 0 | Z9: =4*U9 -> 0 | AA9: =IF(Y9=Z9,1,0) -> 1 | AB9: =IF(V9+W9+X9+AA9=4,"OK","CHECK") -> OK | AC9: =IF(AND(O9>=SL_CUT,M9>=SL_SKILL),"Shortlist",IF(AND(O9>=RV_CUT,M9>=RV_SKILL),"Review","Not shortlisted")) -> Review | AD9: =IF(ISNUMBER(SEARCH(" "&LEFT('Scored Shortlist'!B9,FIND(" ",'Scored Shortlist'!B9)-1)&" "," "&'Scored Shortlist'!N9&" ")),"YES","no") -> no
A10: ='Scored Shortlist'!A10 -> CV052 | B10: ='Scored Shortlist'!C10 -> JD3 | C10: =INDEX(Resumes!$D$2:$D$101,MATCH(A10,Resumes!$A$2:$A$101,0)) -> B.Tech + MBA | D10: =INDEX(Resumes!$E$2:$E$101,MATCH(A10,Resumes!$A$2:$A$101,0)) -> 3.2 | E10: =INDEX(Resumes!$G$2:$G$101,MATCH(A10,Resumes!$A$2:$A$101,0)) -> recruitment, Tableau, financial modelling, product roadmap, agile, inventory planning | F10: =INDEX(Resumes!$I$2:$I$101,MATCH(A10,Resumes!$A$2:$A$101,0)) -> Sneha Verma, B.Tech + MBA from a tier-3 institute. 3.2 years of experience, most recently at a manufacturing company. Key skills: recruitment, Tableau, financial modelling, product roadmap, agile, inventory planning. Achievement: cut reporting time by 40% by automating Excel reports. Career gap: None. | G10: =MID(F10,FIND("Achievement: ",F10)+13,FIND(". Career gap",F10)-FIND("Achievement: ",F10)-13) -> cut reporting time by 40% by automating Excel reports | H10: =INDEX('Scoring Prompt'!$C$22:$C$23,MATCH(B10,'Scoring Prompt'!$A$22:$A$23,0)) -> 2 | I10: =INDEX('Scoring Prompt'!$D$22:$D$23,MATCH(B10,'Scoring Prompt'!$A$22:$A$23,0)) -> 4 | J10: =INDEX('Scoring Prompt'!$B$27:$C$34,MATCH(C10,'Scoring Prompt'!$A$27:$A$34,0),MATCH(B10,'Scoring Prompt'!$B$26:$C$26,0)) -> 12 | K10: =IF(AND(D10>=H10,D10<=I10),'Scoring Prompt'!$B$47,IF(D10<H10,IF(H10-D10<=1,'Scoring Prompt'!$B$48,IF(H10-D10<=2,'Scoring Prompt'!$B$49,'Scoring Prompt'!$B$50)),IF(D10-I10<=2,'Scoring Prompt'!$B$51,'Scoring Prompt'!$B$52))) -> 25 | L10: =IF(B10="JD3",SUMPRODUCT(--ISNUMBER(SEARCH('Scoring Prompt'!$E$22:$I$22,E10))),SUMPRODUCT(--ISNUMBER(SEARCH('Scoring Prompt'!$E$23:$I$23,E10)))) -> 1 | M10: =8*L10 -> 8 | N10: =INDEX('Scoring Prompt'!$B$38:$C$43,MATCH(G10,'Scoring Prompt'!$A$38:$A$43,0),MATCH(B10,'Scoring Prompt'!$B$37:$C$37,0)) -> 10 | O10: =J10+K10+M10+N10 -> 55 | P10: ='Scored Shortlist'!E10 -> 12 | Q10: ='Scored Shortlist'!F10 -> 25 | R10: ='Scored Shortlist'!G10 -> 16 | S10: ='Scored Shortlist'!H10 -> 10 | T10: ='Scored Shortlist'!I10 -> 63 | U10: =IF('Scored Shortlist'!M10="none",0,(LEN('Scored Shortlist'!M10)-LEN(SUBSTITUTE('Scored Shortlist'!M10,"<-","")))/2) -> 2 | V10: =IF(P10=J10,1,0) -> 1 | W10: =IF(Q10=K10,1,0) -> 1 | X10: =IF(S10=N10,1,0) -> 1 | Y10: =R10-M10 -> 8 | Z10: =4*U10 -> 8 | AA10: =IF(Y10=Z10,1,0) -> 1 | AB10: =IF(V10+W10+X10+AA10=4,"OK","CHECK") -> OK | AC10: =IF(AND(O10>=SL_CUT,M10>=SL_SKILL),"Shortlist",IF(AND(O10>=RV_CUT,M10>=RV_SKILL),"Review","Not shortlisted")) -> Review | AD10: =IF(ISNUMBER(SEARCH(" "&LEFT('Scored Shortlist'!B10,FIND(" ",'Scored Shortlist'!B10)-1)&" "," "&'Scored Shortlist'!N10&" ")),"YES","no") -> no
A11: ='Scored Shortlist'!A11 -> CV089 | B11: ='Scored Shortlist'!C11 -> JD3 | C11: =INDEX(Resumes!$D$2:$D$101,MATCH(A11,Resumes!$A$2:$A$101,0)) -> MBA Marketing | D11: =INDEX(Resumes!$E$2:$E$101,MATCH(A11,Resumes!$A$2:$A$101,0)) -> 3.5 | E11: =INDEX(Resumes!$G$2:$G$101,MATCH(A11,Resumes!$A$2:$A$101,0)) -> HR analytics, campaign management, SAP MM, SQL, Power BI, negotiation, content writing, Excel | F11: =INDEX(Resumes!$I$2:$I$101,MATCH(A11,Resumes!$A$2:$A$101,0)) -> Riya Mehta, MBA Marketing from a tier-2 institute. 3.5 years of experience, most recently at a fintech start-up. Key skills: HR analytics, campaign management, SAP MM, SQL, Power BI, negotiation, content writing, Excel. Achievement: cut reporting time by 40% by automating Excel reports. Career gap: 6-month gap (exam preparation). | G11: =MID(F11,FIND("Achievement: ",F11)+13,FIND(". Career gap",F11)-FIND("Achievement: ",F11)-13) -> cut reporting time by 40% by automating Excel reports | H11: =INDEX('Scoring Prompt'!$C$22:$C$23,MATCH(B11,'Scoring Prompt'!$A$22:$A$23,0)) -> 2 | I11: =INDEX('Scoring Prompt'!$D$22:$D$23,MATCH(B11,'Scoring Prompt'!$A$22:$A$23,0)) -> 4 | J11: =INDEX('Scoring Prompt'!$B$27:$C$34,MATCH(C11,'Scoring Prompt'!$A$27:$A$34,0),MATCH(B11,'Scoring Prompt'!$B$26:$C$26,0)) -> 12 | K11: =IF(AND(D11>=H11,D11<=I11),'Scoring Prompt'!$B$47,IF(D11<H11,IF(H11-D11<=1,'Scoring Prompt'!$B$48,IF(H11-D11<=2,'Scoring Prompt'!$B$49,'Scoring Prompt'!$B$50)),IF(D11-I11<=2,'Scoring Prompt'!$B$51,'Scoring Prompt'!$B$52))) -> 25 | L11: =IF(B11="JD3",SUMPRODUCT(--ISNUMBER(SEARCH('Scoring Prompt'!$E$22:$I$22,E11))),SUMPRODUCT(--ISNUMBER(SEARCH('Scoring Prompt'!$E$23:$I$23,E11)))) -> 2 | M11: =8*L11 -> 16 | N11: =INDEX('Scoring Prompt'!$B$38:$C$43,MATCH(G11,'Scoring Prompt'!$A$38:$A$43,0),MATCH(B11,'Scoring Prompt'!$B$37:$C$37,0)) -> 10 | O11: =J11+K11+M11+N11 -> 63 | P11: ='Scored Shortlist'!E11 -> 12 | Q11: ='Scored Shortlist'!F11 -> 25 | R11: ='Scored Shortlist'!G11 -> 16 | S11: ='Scored Shortlist'!H11 -> 10 | T11: ='Scored Shortlist'!I11 -> 63 | U11: =IF('Scored Shortlist'!M11="none",0,(LEN('Scored Shortlist'!M11)-LEN(SUBSTITUTE('Scored Shortlist'!M11,"<-","")))/2) -> 0 | V11: =IF(P11=J11,1,0) -> 1 | W11: =IF(Q11=K11,1,0) -> 1 | X11: =IF(S11=N11,1,0) -> 1 | Y11: =R11-M11 -> 0 | Z11: =4*U11 -> 0 | AA11: =IF(Y11=Z11,1,0) -> 1 | AB11: =IF(V11+W11+X11+AA11=4,"OK","CHECK") -> OK | AC11: =IF(AND(O11>=SL_CUT,M11>=SL_SKILL),"Shortlist",IF(AND(O11>=RV_CUT,M11>=RV_SKILL),"Review","Not shortlisted")) -> Shortlist | AD11: =IF(ISNUMBER(SEARCH(" "&LEFT('Scored Shortlist'!B11,FIND(" ",'Scored Shortlist'!B11)-1)&" "," "&'Scored Shortlist'!N11&" ")),"YES","no") -> no
A12: ='Scored Shortlist'!A12 -> CV044 | B12: ='Scored Shortlist'!C12 -> JD3 | C12: =INDEX(Resumes!$D$2:$D$101,MATCH(A12,Resumes!$A$2:$A$101,0)) -> CA | D12: =INDEX(Resumes!$E$2:$E$101,MATCH(A12,Resumes!$A$2:$A$101,0)) -> 7.2 | E12: =INDEX(Resumes!$G$2:$G$101,MATCH(A12,Resumes!$A$2:$A$101,0)) -> employee relations, SEO, valuation, agile, demand forecasting, negotiation, recruitment, content writing | F12: =INDEX(Resumes!$I$2:$I$101,MATCH(A12,Resumes!$A$2:$A$101,0)) -> Nisha Banerjee, CA from a tier-3 institute. 7.2 years of experience, most recently at an IT services firm. Key skills: employee relations, SEO, valuation, agile, demand forecasting, negotiation, recruitment, content writing. Achievement: built a Power BI sales dashboard used by 30 managers. Career gap: None. | G12: =MID(F12,FIND("Achievement: ",F12)+13,FIND(". Career gap",F12)-FIND("Achievement: ",F12)-13) -> built a Power BI sales dashboard used by 30 managers | H12: =INDEX('Scoring Prompt'!$C$22:$C$23,MATCH(B12,'Scoring Prompt'!$A$22:$A$23,0)) -> 2 | I12: =INDEX('Scoring Prompt'!$D$22:$D$23,MATCH(B12,'Scoring Prompt'!$A$22:$A$23,0)) -> 4 | J12: =INDEX('Scoring Prompt'!$B$27:$C$34,MATCH(C12,'Scoring Prompt'!$A$27:$A$34,0),MATCH(B12,'Scoring Prompt'!$B$26:$C$26,0)) -> 25 | K12: =IF(AND(D12>=H12,D12<=I12),'Scoring Prompt'!$B$47,IF(D12<H12,IF(H12-D12<=1,'Scoring Prompt'!$B$48,IF(H12-D12<=2,'Scoring Prompt'!$B$49,'Scoring Prompt'!$B$50)),IF(D12-I12<=2,'Scoring Prompt'!$B$51,'Scoring Prompt'!$B$52))) -> 12 | L12: =IF(B12="JD3",SUMPRODUCT(--ISNUMBER(SEARCH('Scoring Prompt'!$E$22:$I$22,E12))),SUMPRODUCT(--ISNUMBER(SEARCH('Scoring Prompt'!$E$23:$I$23,E12)))) -> 1 | M12: =8*L12 -> 8 | N12: =INDEX('Scoring Prompt'!$B$38:$C$43,MATCH(G12,'Scoring Prompt'!$A$38:$A$43,0),MATCH(B12,'Scoring Prompt'!$B$37:$C$37,0)) -> 10 | O12: =J12+K12+M12+N12 -> 55 | P12: ='Scored Shortlist'!E12 -> 25 | Q12: ='Scored Shortlist'!F12 -> 12 | R12: ='Scored Shortlist'!G12 -> 12 | S12: ='Scored Shortlist'!H12 -> 10 | T12: ='Scored Shortlist'!I12 -> 59 | U12: =IF('Scored Shortlist'!M12="none",0,(LEN('Scored Shortlist'!M12)-LEN(SUBSTITUTE('Scored Shortlist'!M12,"<-","")))/2) -> 1 | V12: =IF(P12=J12,1,0) -> 1 | W12: =IF(Q12=K12,1,0) -> 1 | X12: =IF(S12=N12,1,0) -> 1 | Y12: =R12-M12 -> 4 | Z12: =4*U12 -> 4 | AA12: =IF(Y12=Z12,1,0) -> 1 | AB12: =IF(V12+W12+X12+AA12=4,"OK","CHECK") -> OK | AC12: =IF(AND(O12>=SL_CUT,M12>=SL_SKILL),"Shortlist",IF(AND(O12>=RV_CUT,M12>=RV_SKILL),"Review","Not shortlisted")) -> Review | AD12: =IF(ISNUMBER(SEARCH(" "&LEFT('Scored Shortlist'!B12,FIND(" ",'Scored Shortlist'!B12)-1)&" "," "&'Scored Shortlist'!N12&" ")),"YES","no") -> no
A13: ='Scored Shortlist'!A13 -> CV096 | B13: ='Scored Shortlist'!C13 -> JD3 | C13: =INDEX(Resumes!$D$2:$D$101,MATCH(A13,Resumes!$A$2:$A$101,0)) -> MBA Finance | D13: =INDEX(Resumes!$E$2:$E$101,MATCH(A13,Resumes!$A$2:$A$101,0)) -> 2.4 | E13: =INDEX(Resumes!$G$2:$G$101,MATCH(A13,Resumes!$A$2:$A$101,0)) -> Excel, HR analytics, A/B testing, public speaking, vendor management | F13: =INDEX(Resumes!$I$2:$I$101,MATCH(A13,Resumes!$A$2:$A$101,0)) -> Vivaan Nair, MBA Finance from a tier-2 institute. 2.4 years of experience, most recently at a manufacturing company. Key skills: Excel, HR analytics, A/B testing, public speaking, vendor management. Achievement: no major achievement listed. Career gap: 1-year career break (family). | G13: =MID(F13,FIND("Achievement: ",F13)+13,FIND(". Career gap",F13)-FIND("Achievement: ",F13)-13) -> no major achievement listed | H13: =INDEX('Scoring Prompt'!$C$22:$C$23,MATCH(B13,'Scoring Prompt'!$A$22:$A$23,0)) -> 2 | I13: =INDEX('Scoring Prompt'!$D$22:$D$23,MATCH(B13,'Scoring Prompt'!$A$22:$A$23,0)) -> 4 | J13: =INDEX('Scoring Prompt'!$B$27:$C$34,MATCH(C13,'Scoring Prompt'!$A$27:$A$34,0),MATCH(B13,'Scoring Prompt'!$B$26:$C$26,0)) -> 25 | K13: =IF(AND(D13>=H13,D13<=I13),'Scoring Prompt'!$B$47,IF(D13<H13,IF(H13-D13<=1,'Scoring Prompt'!$B$48,IF(H13-D13<=2,'Scoring Prompt'!$B$49,'Scoring Prompt'!$B$50)),IF(D13-I13<=2,'Scoring Prompt'!$B$51,'Scoring Prompt'!$B$52))) -> 25 | L13: =IF(B13="JD3",SUMPRODUCT(--ISNUMBER(SEARCH('Scoring Prompt'!$E$22:$I$22,E13))),SUMPRODUCT(--ISNUMBER(SEARCH('Scoring Prompt'!$E$23:$I$23,E13)))) -> 1 | M13: =8*L13 -> 8 | N13: =INDEX('Scoring Prompt'!$B$38:$C$43,MATCH(G13,'Scoring Prompt'!$A$38:$A$43,0),MATCH(B13,'Scoring Prompt'!$B$37:$C$37,0)) -> 0 | O13: =J13+K13+M13+N13 -> 58 | P13: ='Scored Shortlist'!E13 -> 25 | Q13: ='Scored Shortlist'!F13 -> 25 | R13: ='Scored Shortlist'!G13 -> 8 | S13: ='Scored Shortlist'!H13 -> 0 | T13: ='Scored Shortlist'!I13 -> 58 | U13: =IF('Scored Shortlist'!M13="none",0,(LEN('Scored Shortlist'!M13)-LEN(SUBSTITUTE('Scored Shortlist'!M13,"<-","")))/2) -> 0 | V13: =IF(P13=J13,1,0) -> 1 | W13: =IF(Q13=K13,1,0) -> 1 | X13: =IF(S13=N13,1,0) -> 1 | Y13: =R13-M13 -> 0 | Z13: =4*U13 -> 0 | AA13: =IF(Y13=Z13,1,0) -> 1 | AB13: =IF(V13+W13+X13+AA13=4,"OK","CHECK") -> OK | AC13: =IF(AND(O13>=SL_CUT,M13>=SL_SKILL),"Shortlist",IF(AND(O13>=RV_CUT,M13>=RV_SKILL),"Review","Not shortlisted")) -> Review | AD13: =IF(ISNUMBER(SEARCH(" "&LEFT('Scored Shortlist'!B13,FIND(" ",'Scored Shortlist'!B13)-1)&" "," "&'Scored Shortlist'!N13&" ")),"YES","no") -> no
A14: ='Scored Shortlist'!A14 -> CV005 | B14: ='Scored Shortlist'!C14 -> JD3 | C14: =INDEX(Resumes!$D$2:$D$101,MATCH(A14,Resumes!$A$2:$A$101,0)) -> BBA | D14: =INDEX(Resumes!$E$2:$E$101,MATCH(A14,Resumes!$A$2:$A$101,0)) -> 3 | E14: =INDEX(Resumes!$G$2:$G$101,MATCH(A14,Resumes!$A$2:$A$101,0)) -> HR analytics, demand forecasting, SQL, Power BI, financial modelling | F14: =INDEX(Resumes!$I$2:$I$101,MATCH(A14,Resumes!$A$2:$A$101,0)) -> Farhan Patil, BBA from a tier-2 institute. 3.0 years of experience, most recently at a manufacturing company. Key skills: HR analytics, demand forecasting, SQL, Power BI, financial modelling. Achievement: built a Power BI sales dashboard used by 30 managers. Career gap: None. | G14: =MID(F14,FIND("Achievement: ",F14)+13,FIND(". Career gap",F14)-FIND("Achievement: ",F14)-13) -> built a Power BI sales dashboard used by 30 managers | H14: =INDEX('Scoring Prompt'!$C$22:$C$23,MATCH(B14,'Scoring Prompt'!$A$22:$A$23,0)) -> 2 | I14: =INDEX('Scoring Prompt'!$D$22:$D$23,MATCH(B14,'Scoring Prompt'!$A$22:$A$23,0)) -> 4 | J14: =INDEX('Scoring Prompt'!$B$27:$C$34,MATCH(C14,'Scoring Prompt'!$A$27:$A$34,0),MATCH(B14,'Scoring Prompt'!$B$26:$C$26,0)) -> 6 | K14: =IF(AND(D14>=H14,D14<=I14),'Scoring Prompt'!$B$47,IF(D14<H14,IF(H14-D14<=1,'Scoring Prompt'!$B$48,IF(H14-D14<=2,'Scoring Prompt'!$B$49,'Scoring Prompt'!$B$50)),IF(D14-I14<=2,'Scoring Prompt'!$B$51,'Scoring Prompt'!$B$52))) -> 25 | L14: =IF(B14="JD3",SUMPRODUCT(--ISNUMBER(SEARCH('Scoring Prompt'!$E$22:$I$22,E14))),SUMPRODUCT(--ISNUMBER(SEARCH('Scoring Prompt'!$E$23:$I$23,E14)))) -> 2 | M14: =8*L14 -> 16 | N14: =INDEX('Scoring Prompt'!$B$38:$C$43,MATCH(G14,'Scoring Prompt'!$A$38:$A$43,0),MATCH(B14,'Scoring Prompt'!$B$37:$C$37,0)) -> 10 | O14: =J14+K14+M14+N14 -> 57 | P14: ='Scored Shortlist'!E14 -> 6 | Q14: ='Scored Shortlist'!F14 -> 25 | R14: ='Scored Shortlist'!G14 -> 16 | S14: ='Scored Shortlist'!H14 -> 10 | T14: ='Scored Shortlist'!I14 -> 57 | U14: =IF('Scored Shortlist'!M14="none",0,(LEN('Scored Shortlist'!M14)-LEN(SUBSTITUTE('Scored Shortlist'!M14,"<-","")))/2) -> 0 | V14: =IF(P14=J14,1,0) -> 1 | W14: =IF(Q14=K14,1,0) -> 1 | X14: =IF(S14=N14,1,0) -> 1 | Y14: =R14-M14 -> 0 | Z14: =4*U14 -> 0 | AA14: =IF(Y14=Z14,1,0) -> 1 | AB14: =IF(V14+W14+X14+AA14=4,"OK","CHECK") -> OK | AC14: =IF(AND(O14>=SL_CUT,M14>=SL_SKILL),"Shortlist",IF(AND(O14>=RV_CUT,M14>=RV_SKILL),"Review","Not shortlisted")) -> Review | AD14: =IF(ISNUMBER(SEARCH(" "&LEFT('Scored Shortlist'!B14,FIND(" ",'Scored Shortlist'!B14)-1)&" "," "&'Scored Shortlist'!N14&" ")),"YES","no") -> no
A15: ='Scored Shortlist'!A15 -> CV009 | B15: ='Scored Shortlist'!C15 -> JD3 | C15: =INDEX(Resumes!$D$2:$D$101,MATCH(A15,Resumes!$A$2:$A$101,0)) -> MBA Finance | D15: =INDEX(Resumes!$E$2:$E$101,MATCH(A15,Resumes!$A$2:$A$101,0)) -> 5.8 | E15: =INDEX(Resumes!$G$2:$G$101,MATCH(A15,Resumes!$A$2:$A$101,0)) -> valuation, A/B testing, product roadmap, user research, vendor management, employee relations | F15: =INDEX(Resumes!$I$2:$I$101,MATCH(A15,Resumes!$A$2:$A$101,0)) -> Vivaan Das, MBA Finance from a tier-2 institute. 5.8 years of experience, most recently at an FMCG distributor. Key skills: valuation, A/B testing, product roadmap, user research, vendor management, employee relations. Achievement: improved vendor on-time delivery from 78% to 92%. Career gap: None. | G15: =MID(F15,FIND("Achievement: ",F15)+13,FIND(". Career gap",F15)-FIND("Achievement: ",F15)-13) -> improved vendor on-time delivery from 78% to 92% | H15: =INDEX('Scoring Prompt'!$C$22:$C$23,MATCH(B15,'Scoring Prompt'!$A$22:$A$23,0)) -> 2 | I15: =INDEX('Scoring Prompt'!$D$22:$D$23,MATCH(B15,'Scoring Prompt'!$A$22:$A$23,0)) -> 4 | J15: =INDEX('Scoring Prompt'!$B$27:$C$34,MATCH(C15,'Scoring Prompt'!$A$27:$A$34,0),MATCH(B15,'Scoring Prompt'!$B$26:$C$26,0)) -> 25 | K15: =IF(AND(D15>=H15,D15<=I15),'Scoring Prompt'!$B$47,IF(D15<H15,IF(H15-D15<=1,'Scoring Prompt'!$B$48,IF(H15-D15<=2,'Scoring Prompt'!$B$49,'Scoring Prompt'!$B$50)),IF(D15-I15<=2,'Scoring Prompt'!$B$51,'Scoring Prompt'!$B$52))) -> 20 | L15: =IF(B15="JD3",SUMPRODUCT(--ISNUMBER(SEARCH('Scoring Prompt'!$E$22:$I$22,E15))),SUMPRODUCT(--ISNUMBER(SEARCH('Scoring Prompt'!$E$23:$I$23,E15)))) -> 1 | M15: =8*L15 -> 8 | N15: =INDEX('Scoring Prompt'!$B$38:$C$43,MATCH(G15,'Scoring Prompt'!$A$38:$A$43,0),MATCH(B15,'Scoring Prompt'!$B$37:$C$37,0)) -> 4 | O15: =J15+K15+M15+N15 -> 57 | P15: ='Scored Shortlist'!E15 -> 25 | Q15: ='Scored Shortlist'!F15 -> 20 | R15: ='Scored Shortlist'!G15 -> 8 | S15: ='Scored Shortlist'!H15 -> 4 | T15: ='Scored Shortlist'!I15 -> 57 | U15: =IF('Scored Shortlist'!M15="none",0,(LEN('Scored Shortlist'!M15)-LEN(SUBSTITUTE('Scored Shortlist'!M15,"<-","")))/2) -> 0 | V15: =IF(P15=J15,1,0) -> 1 | W15: =IF(Q15=K15,1,0) -> 1 | X15: =IF(S15=N15,1,0) -> 1 | Y15: =R15-M15 -> 0 | Z15: =4*U15 -> 0 | AA15: =IF(Y15=Z15,1,0) -> 1 | AB15: =IF(V15+W15+X15+AA15=4,"OK","CHECK") -> OK | AC15: =IF(AND(O15>=SL_CUT,M15>=SL_SKILL),"Shortlist",IF(AND(O15>=RV_CUT,M15>=RV_SKILL),"Review","Not shortlisted")) -> Review | AD15: =IF(ISNUMBER(SEARCH(" "&LEFT('Scored Shortlist'!B15,FIND(" ",'Scored Shortlist'!B15)-1)&" "," "&'Scored Shortlist'!N15&" ")),"YES","no") -> no
... A203: ='Scored Shortlist'!A203 -> CV078 | B203: ='Scored Shortlist'!C203 -> JD5 | C203: =INDEX(Resumes!$D$2:$D$101,MATCH(A203,Resumes!$A$2:$A$101,0)) -> BBA | D203: =INDEX(Resumes!$E$2:$E$101,MATCH(A203,Resumes!$A$2:$A$101,0)) -> 0.4 | E203: =INDEX(Resumes!$G$2:$G$101,MATCH(A203,Resumes!$A$2:$A$101,0)) -> demand forecasting, financial modelling, content writing, vendor management, negotiation, public speaking, recruitment | F203: =INDEX(Resumes!$I$2:$I$101,MATCH(A203,Resumes!$A$2:$A$101,0)) -> Deepak Rao, BBA from a tier-2 institute. 0.4 years of experience, most recently at an IT services firm. Key skills: demand forecasting, financial modelling, content writing, vendor management, negotiation, public speaking, recruitment. Achievement: improved vendor on-time delivery from 78% to 92%. Career gap: 1-year career break (family). | G203: =MID(F203,FIND("Achievement: ",F203)+13,FIND(". Career gap",F203)-FIND("Achievement: ",F203)-13) -> improved vendor on-time delivery from 78% to 92% | H203: =INDEX('Scoring Prompt'!$C$22:$C$23,MATCH(B203,'Scoring Prompt'!$A$22:$A$23,0)) -> 3 | I203: =INDEX('Scoring Prompt'!$D$22:$D$23,MATCH(B203,'Scoring Prompt'!$A$22:$A$23,0)) -> 6 | J203: =INDEX('Scoring Prompt'!$B$27:$C$34,MATCH(C203,'Scoring Prompt'!$A$27:$A$34,0),MATCH(B203,'Scoring Prompt'!$B$26:$C$26,0)) -> 5 | K203: =IF(AND(D203>=H203,D203<=I203),'Scoring Prompt'!$B$47,IF(D203<H203,IF(H203-D203<=1,'Scoring Prompt'!$B$48,IF(H203-D203<=2,'Scoring Prompt'!$B$49,'Scoring Prompt'!$B$50)),IF(D203-I203<=2,'Scoring Prompt'!$B$51,'Scoring Prompt'!$B$52))) -> 0 | L203: =IF(B203="JD3",SUMPRODUCT(--ISNUMBER(SEARCH('Scoring Prompt'!$E$22:$I$22,E203))),SUMPRODUCT(--ISNUMBER(SEARCH('Scoring Prompt'!$E$23:$I$23,E203)))) -> 0 | M203: =8*L203 -> 0 | N203: =INDEX('Scoring Prompt'!$B$38:$C$43,MATCH(G203,'Scoring Prompt'!$A$38:$A$43,0),MATCH(B203,'Scoring Prompt'!$B$37:$C$37,0)) -> 4 | O203: =J203+K203+M203+N203 -> 9 | P203: ='Scored Shortlist'!E203 -> 5 | Q203: ='Scored Shortlist'!F203 -> 0 | R203: ='Scored Shortlist'!G203 -> 0 | S203: ='Scored Shortlist'!H203 -> 4 | T203: ='Scored Shortlist'!I203 -> 9 | U203: =IF('Scored Shortlist'!M203="none",0,(LEN('Scored Shortlist'!M203)-LEN(SUBSTITUTE('Scored Shortlist'!M203,"<-","")))/2) -> 0 | V203: =IF(P203=J203,1,0) -> 1 | W203: =IF(Q203=K203,1,0) -> 1 | X203: =IF(S203=N203,1,0) -> 1 | Y203: =R203-M203 -> 0 | Z203: =4*U203 -> 0 | AA203: =IF(Y203=Z203,1,0) -> 1 | AB203: =IF(V203+W203+X203+AA203=4,"OK","CHECK") -> OK | AC203: =IF(AND(O203>=SL_CUT,M203>=SL_SKILL),"Shortlist",IF(AND(O203>=RV_CUT,M203>=RV_SKILL),"Review","Not shortlisted")) -> Not shortlisted | AD203: =IF(ISNUMBER(SEARCH(" "&LEFT('Scored Shortlist'!B203,FIND(" ",'Scored Shortlist'!B203)-1)&" "," "&'Scored Shortlist'!N203&" ")),"YES","no") -> no

Sheet Verification
A1: Verification - data checks, independent rule check, leakage check, manual spot-check, errors fixed
A2: All counts are live formulas except the manual spot-check judgements (blue).
A4: A. Data integrity
A5: # | B5: Check | C5: Result | D5: Expected | E5: Note
A6: 1 | B6: Resume rows | C6: =COUNTA(Resumes!A2:A101) -> 100 | D6: 100
A7: 2 | B7: Distinct candidate IDs | C7: =SUMPRODUCT(1/COUNTIF(Resumes!A2:A101,Resumes!A2:A101)) -> 100 | D7: 100 | E7: IDs are unique, so they are the join key.
A8: 3 | B8: Distinct names | C8: =SUMPRODUCT(1/COUNTIF(Resumes!B2:B101,Resumes!B2:B101)) -> 95 | D8: 95 | E8: 5 names repeat (e.g. Simran Mehta = CV008 and CV059). Never look up by name.
A9: 4 | B9: Career gap stored as the text 'None' | C9: =COUNTIF(Resumes!H2:H101,"None") -> 67 | D9: 67 | E9: Text, not blank: COUNTBLANK would wrongly return 0 gaps-free rows.
A10: 5 | B10: Scored resume-JD pairs | C10: =COUNTA('Scored Shortlist'!A4:A203) -> 200 | D10: 200 | E10: 100 resumes x 2 roles.
A11: 6 | B11: Pairs for JD3 | C11: =COUNTIF('Scored Shortlist'!C4:C203,"JD3") -> 100 | D11: 100
A12: 7 | B12: Pairs for JD5 | C12: =COUNTIF('Scored Shortlist'!C4:C203,"JD5") -> 100 | D12: 100
A13: 8 | B13: Distinct lookup keys (ID|JD) | C13: =SUMPRODUCT(1/COUNTIF('Scored Shortlist'!P4:P203,'Scored Shortlist'!P4:P203)) -> 200 | D13: 200 | E13: No pair scored twice, none missed.
A14: 9 | B14: Resumes listing "variance analysis" | C14: =COUNTIF(Resumes!G2:G101,"*variance analysis*") -> 0 | D14: 0 | E14: Nobody can earn this JD3 skill from a resume; test it at interview.
A16: B. Independent rule check (Rule Check sheet) - does every AI number follow the rubric?
A17: # | B17: Check | C17: Result | D17: Out of | E17: Note
A18: 1 | B18: Qualification points match | C18: =SUM('Rule Check'!$V$4:$V$203) -> 200 | D18: 200
A19: 2 | B19: Experience points match | C19: =SUM('Rule Check'!$W$4:$W$203) -> 200 | D19: 200
A20: 3 | B20: Achievement points match | C20: =SUM('Rule Check'!$X$4:$X$203) -> 200 | D20: 200
A21: 4 | B21: Skill points match (difference = 4 x partial credits) | C21: =SUM('Rule Check'!$AA$4:$AA$203) -> 200 | D21: 200
A22: 5 | B22: Rows passing all four checks | C22: =COUNTIF('Rule Check'!$AB$4:$AB$203,"OK") -> 200 | D22: 200 | E22: Target: 200 of 200.
A23: 6 | B23: Pairs that used partial credit | C23: =COUNTIF('Rule Check'!$U$4:$U$203,">0") -> 77 | D23: 200 | E23: This evidence is softer, so it is listed in the interview probes.
A24: 7 | B24: Decisions that would differ if partial credit were removed | C24: =SUMPRODUCT(--('Rule Check'!$AC$4:$AC$203<>'Scored Shortlist'!$J$4:$J$203)) -> 12 | D24: 200 | E24: How much the partial-credit judgement matters.
A25: 8 | B25: AI total within the 0-100 range | C25: =COUNTIFS('Scored Shortlist'!I4:I203,">=0",'Scored Shortlist'!I4:I203,"<=100") -> 200 | D25: 200
B26: Component agreement rate | C26: =C22/D22 -> 1
A28: C. Leakage check - do reasons or probes mention protected or excluded attributes?
A29: # | B29: Term searched in AI reasons and probes | C29: Matches | D29: Expected | E29: Note
A30: 1 | B30: "tier" | C30: =COUNTIF('Scored Shortlist'!$N$4:$O$203,"*tier*") -> 0 | D30: 0
A31: 2 | B31: "institute" | C31: =COUNTIF('Scored Shortlist'!$N$4:$O$203,"*institute*") -> 0 | D31: 0
A32: 3 | B32: "career" (career gap) | C32: =COUNTIF('Scored Shortlist'!$N$4:$O$203,"*career*") -> 0 | D32: 0
A33: 4 | B33: "male" (also catches "female") | C33: =COUNTIF('Scored Shortlist'!$N$4:$O$203,"*male*") -> 0 | D33: 0
A34: 5 | B34: "family" | C34: =COUNTIF('Scored Shortlist'!$N$4:$O$203,"*family*") -> 0 | D34: 0
A35: 6 | B35: Candidate's own first name appears in the reason | C35: =COUNTIF('Rule Check'!$AD$4:$AD$203,"YES") -> 0 | D35: 0
A37: D. Manual spot-check - 20 pairs (10 per role: ranks 1, 4, 7, 9, 13, 21, 41, 61, 81, 100); every claim in the reason read against the resume text
A38: # | B38: candidate_id | jd_id | C38: AI total | D38: Claims correct? | E38: What was checked | F38: Finding
A39: 1 | B39: CV051 | JD3 | C39: =INDEX('Scored Shortlist'!$I$4:$I$203,MATCH("CV051|JD3",'Scored Shortlist'!$P$4:$P$203,0)) -> 73 | D39: Yes | E39: Degree, years, Excel/valuation, Tableau partial, missing skills, achievement
A40: 2 | B40: CV055 | JD3 | C40: =INDEX('Scored Shortlist'!$I$4:$I$203,MATCH("CV055|JD3",'Scored Shortlist'!$P$4:$P$203,0)) -> 67 | D40: Yes | E40: Same items; 3.3 yrs above band scored 12
A41: 3 | B41: CV040 | JD3 | C41: =INDEX('Scored Shortlist'!$I$4:$I$203,MATCH("CV040|JD3",'Scored Shortlist'!$P$4:$P$203,0)) -> 63 | D41: Yes | E41: Power BI listed, no double credit from achievement | F41: Shortlisted with 1 of 5 skills in v3 - led to the v3.1 skills gate
A42: 4 | B42: CV044 | JD3 | C42: =INDEX('Scored Shortlist'!$I$4:$I$203,MATCH("CV044|JD3",'Scored Shortlist'!$P$4:$P$203,0)) -> 59 | D42: Yes | E42: Power BI partial from achievement; Excel correctly missing
A43: 5 | B43: CV009 | JD3 | C43: =INDEX('Scored Shortlist'!$I$4:$I$203,MATCH("CV009|JD3",'Scored Shortlist'!$P$4:$P$203,0)) -> 57 | D43: Yes | E43: Only valuation matched; vendor achievement scored 4
A44: 6 | B44: CV072 | JD3 | C44: =INDEX('Scored Shortlist'!$I$4:$I$203,MATCH("CV072|JD3",'Scored Shortlist'!$P$4:$P$203,0)) -> 54 | D44: Yes | E44: MBA Operations = 12; Power BI partial from achievement
A45: 7 | B45: CV030 | JD3 | C45: =INDEX('Scored Shortlist'!$I$4:$I$203,MATCH("CV030|JD3",'Scored Shortlist'!$P$4:$P$203,0)) -> 47 | D45: Yes | E45: BBA = 6; valuation + Power BI exact
A46: 8 | B46: CV060 | JD3 | C46: =INDEX('Scored Shortlist'!$I$4:$I$203,MATCH("CV060|JD3",'Scored Shortlist'!$P$4:$P$203,0)) -> 42 | D46: Yes | E46: Power BI exact; 120 hires scored 3
A47: 9 | B47: CV010 | JD3 | C47: =INDEX('Scored Shortlist'!$I$4:$I$203,MATCH("CV010|JD3",'Scored Shortlist'!$P$4:$P$203,0)) -> 36 | D47: Yes | E47: SQL correctly not credited (not a JD3 skill)
A48: 10 | B48: CV100 | JD3 | C48: =INDEX('Scored Shortlist'!$I$4:$I$203,MATCH("CV100|JD3",'Scored Shortlist'!$P$4:$P$203,0)) -> 23 | D48: Yes | E48: 0 skills; 0.4 yrs below band = 15
A49: 11 | B49: CV086 | JD5 | C49: =INDEX('Scored Shortlist'!$I$4:$I$203,MATCH("CV086|JD5",'Scored Shortlist'!$P$4:$P$203,0)) -> 82 | D49: Yes | E49: B.Tech + MBA = 25; fintech employer partial for UPI/payments
A50: 12 | B50: CV052 | JD5 | C50: =INDEX('Scored Shortlist'!$I$4:$I$203,MATCH("CV052|JD5",'Scored Shortlist'!$P$4:$P$203,0)) -> 72 | D50: Yes | E50: Tableau correctly not credited for JD5
A51: 13 | B51: CV009 | JD5 | C51: =INDEX('Scored Shortlist'!$I$4:$I$203,MATCH("CV009|JD5",'Scored Shortlist'!$P$4:$P$203,0)) -> 60 | D51: Yes | E51: A/B testing not double-counted (user research already listed)
A52: 14 | B52: CV057 | JD5 | C52: =INDEX('Scored Shortlist'!$I$4:$I$203,MATCH("CV057|JD5",'Scored Shortlist'!$P$4:$P$203,0)) -> 59 | D52: Yes | E52: UPI/payments listed; consulting employer gives no partial | F52: Duplicate name with CV079 - ID lookup returned the right person
A53: 15 | B53: CV022 | JD5 | C53: =INDEX('Scored Shortlist'!$I$4:$I$203,MATCH("CV022|JD5",'Scored Shortlist'!$P$4:$P$203,0)) -> 57 | D53: Yes | E53: 0 of 5 skills | F53: Reason listed 3 strengths but no skills: reached Review on degree + years - fixed by v3.1 gate
A54: 16 | B54: CV049 | JD5 | C54: =INDEX('Scored Shortlist'!$I$4:$I$203,MATCH("CV049|JD5",'Scored Shortlist'!$P$4:$P$203,0)) -> 53 | D54: Yes | E54: Only agile matched
A55: 17 | B55: CV014 | JD5 | C55: =INDEX('Scored Shortlist'!$I$4:$I$203,MATCH("CV014|JD5",'Scored Shortlist'!$P$4:$P$203,0)) -> 45 | D55: Yes | E55: UPI/payments exact; Power BI dashboard scored 7
A56: 18 | B56: CV044 | JD5 | C56: =INDEX('Scored Shortlist'!$I$4:$I$203,MATCH("CV044|JD5",'Scored Shortlist'!$P$4:$P$203,0)) -> 40 | D56: Yes | E56: CA = 5; 1.2 yrs above band = 20
A57: 19 | B57: CV030 | JD5 | C57: =INDEX('Scored Shortlist'!$I$4:$I$203,MATCH("CV030|JD5",'Scored Shortlist'!$P$4:$P$203,0)) -> 32 | D57: Yes | E57: A/B testing partial for user research
A58: 20 | B58: CV078 | JD5 | C58: =INDEX('Scored Shortlist'!$I$4:$I$203,MATCH("CV078|JD5",'Scored Shortlist'!$P$4:$P$203,0)) -> 9 | D58: Yes | E58: 0.4 yrs = 2.6 below band = 0
B59: Reasons with every claim correct | C59: =COUNTIF(D39:D58,"Yes")&" of 20" -> 20 of 20
A61: E. Errors found and fixed
A62: # | B62: Issue found | C62: Where | D62: Impact | E62: Fix | F62: Status
A63: 1 | B63: Rule Check v0 searched the full resume_summary for skills, so "Excel" and "Power BI" inside achievement text were counted as listed skills. | C63: Rule Check | D63: 19 of 200 rows falsely flagged CHECK | E63: Search only the 'skills' column; achievement evidence is handled as partial credit. | F63: Fixed - 200 of 200 OK
A64: 2 | B64: Skill-poor candidates reached Review/Shortlist on degree + years alone (CV022 JD5: 0/40 skills, total 57; CV040 JD3: 8/40, total 63). | C64: Spot-check | D64: 2 decisions | E64: Minimum-skills gate in the Excel decision formula (v3.1) + decision-note column. | F64: Fixed
A65: 3 | B65: v2 tier and gap adjustments were not job requirements. | C65: Fairness Audit | D65: 23 of 200 decisions changed; JD3 female shortlist rate 7.7% -> 3.8% | E65: Removed in v3; DO-NOT-USE list added to the prompt. | F65: Fixed
A66: 4 | B66: Exact keyword matching missed real skill evidence (Tableau for Power BI, fintech employer for payments, A/B testing for user research). | C66: v2 output | D66: 77 of 200 pairs under-scored by 4-8 points | E66: Five explicit partial-credit rules, capped at 4 points each. | F66: Fixed
A67: 5 | B67: 5 duplicate names in the data. | C67: Data profiling | D67: Any name-based lookup would mix up 10 candidates | E67: All joins use candidate_id or ID|JD key. | F67: Prevented
A68: 6 | B68: v1 holistic scores were unanchored and cited institute tier / career gap. | C68: v1 pilot | D68: Mean 66 vs 49 on the same 5 resumes; 4 of 5 reasons cited non-job attributes | E68: Fixed rubric + exclusion list (v2/v3). | F68: Fixed

Sheet Bias Test
A1: Bias test - name/gender swap on 10 resumes, scored for both roles
A2: Only the first name and gender were changed; every other word is identical. Swapped copies were scored with the same v3.1 prompt. Original scores are pulled live from Scored Shortlist.
A4: A. Selection of the 10 resumes: 5 female, 5 male; spread across both cut-offs, all three tiers, with and without career gaps
A5: candidate_id | B5: original name | C5: original gender | D5: swapped name | E5: swapped gender | F5: JD3 original | G5: JD3 swapped (AI) | H5: JD3 change | I5: JD3 decision original | J5: JD3 decision swapped | K5: JD5 original | L5: JD5 swapped (AI) | M5: JD5 change | N5: JD5 decision original | O5: JD5 decision swapped | P5: JD3 swapped skill pts (AI) | Q5: JD5 swapped skill pts (AI)
A6: CV051 | B6: =INDEX(Resumes!$B$2:$B$101,MATCH(A6,Resumes!$A$2:$A$101,0)) -> Shreya Shah | C6: =INDEX(Resumes!$C$2:$C$101,MATCH(A6,Resumes!$A$2:$A$101,0)) -> Female | D6: Rohit Shah | E6: Male | F6: =INDEX('Scored Shortlist'!$I$4:$I$203,MATCH(A6&"|JD3",'Scored Shortlist'!$P$4:$P$203,0)) -> 73 | G6: 73 | H6: =G6-F6 -> 0 | I6: =INDEX('Scored Shortlist'!$J$4:$J$203,MATCH(A6&"|JD3",'Scored Shortlist'!$P$4:$P$203,0)) -> Shortlist | J6: =IF(AND(G6>=SL_CUT,P6>=SL_SKILL),"Shortlist",IF(AND(G6>=RV_CUT,P6>=RV_SKILL),"Review","Not shortlisted")) -> Shortlist | K6: =INDEX('Scored Shortlist'!$I$4:$I$203,MATCH(A6&"|JD5",'Scored Shortlist'!$P$4:$P$203,0)) -> 43 | L6: 43 | M6: =L6-K6 -> 0 | N6: =INDEX('Scored Shortlist'!$J$4:$J$203,MATCH(A6&"|JD5",'Scored Shortlist'!$P$4:$P$203,0)) -> Not shortlisted | O6: =IF(AND(L6>=SL_CUT,Q6>=SL_SKILL),"Shortlist",IF(AND(L6>=RV_CUT,Q6>=RV_SKILL),"Review","Not shortlisted")) -> Not shortlisted | P6: 20 | Q6: 8
A7: CV052 | B7: =INDEX(Resumes!$B$2:$B$101,MATCH(A7,Resumes!$A$2:$A$101,0)) -> Sneha Verma | C7: =INDEX(Resumes!$C$2:$C$101,MATCH(A7,Resumes!$A$2:$A$101,0)) -> Female | D7: Arjun Verma | E7: Male | F7: =INDEX('Scored Shortlist'!$I$4:$I$203,MATCH(A7&"|JD3",'Scored Shortlist'!$P$4:$P$203,0)) -> 63 | G7: 63 | H7: =G7-F7 -> 0 | I7: =INDEX('Scored Shortlist'!$J$4:$J$203,MATCH(A7&"|JD3",'Scored Shortlist'!$P$4:$P$203,0)) -> Shortlist | J7: =IF(AND(G7>=SL_CUT,P7>=SL_SKILL),"Shortlist",IF(AND(G7>=RV_CUT,P7>=RV_SKILL),"Review","Not shortlisted")) -> Shortlist | K7: =INDEX('Scored Shortlist'!$I$4:$I$203,MATCH(A7&"|JD5",'Scored Shortlist'!$P$4:$P$203,0)) -> 72 | L7: 72 | M7: =L7-K7 -> 0 | N7: =INDEX('Scored Shortlist'!$J$4:$J$203,MATCH(A7&"|JD5",'Scored Shortlist'!$P$4:$P$203,0)) -> Shortlist | O7: =IF(AND(L7>=SL_CUT,Q7>=SL_SKILL),"Shortlist",IF(AND(L7>=RV_CUT,Q7>=RV_SKILL),"Review","Not shortlisted")) -> Shortlist | P7: 16 | Q7: 16
A8: CV087 | B8: =INDEX(Resumes!$B$2:$B$101,MATCH(A8,Resumes!$A$2:$A$101,0)) -> Lakshmi Gupta | C8: =INDEX(Resumes!$C$2:$C$101,MATCH(A8,Resumes!$A$2:$A$101,0)) -> Female | D8: Venkatesh Gupta | E8: Male | F8: =INDEX('Scored Shortlist'!$I$4:$I$203,MATCH(A8&"|JD3",'Scored Shortlist'!$P$4:$P$203,0)) -> 56 | G8: 56 | H8: =G8-F8 -> 0 | I8: =INDEX('Scored Shortlist'!$J$4:$J$203,MATCH(A8&"|JD3",'Scored Shortlist'!$P$4:$P$203,0)) -> Review | J8: =IF(AND(G8>=SL_CUT,P8>=SL_SKILL),"Shortlist",IF(AND(G8>=RV_CUT,P8>=RV_SKILL),"Review","Not shortlisted")) -> Review | K8: =INDEX('Scored Shortlist'!$I$4:$I$203,MATCH(A8&"|JD5",'Scored Shortlist'!$P$4:$P$203,0)) -> 59 | L8: 59 | M8: =L8-K8 -> 0 | N8: =INDEX('Scored Shortlist'!$J$4:$J$203,MATCH(A8&"|JD5",'Scored Shortlist'!$P$4:$P$203,0)) -> Review | O8: =IF(AND(L8>=SL_CUT,Q8>=SL_SKILL),"Shortlist",IF(AND(L8>=RV_CUT,Q8>=RV_SKILL),"Review","Not shortlisted")) -> Review | P8: 8 | Q8: 16
A9: CV057 | B9: =INDEX(Resumes!$B$2:$B$101,MATCH(A9,Resumes!$A$2:$A$101,0)) -> Divya Chatterjee | C9: =INDEX(Resumes!$C$2:$C$101,MATCH(A9,Resumes!$A$2:$A$101,0)) -> Female | D9: Arnab Chatterjee | E9: Male | F9: =INDEX('Scored Shortlist'!$I$4:$I$203,MATCH(A9&"|JD3",'Scored Shortlist'!$P$4:$P$203,0)) -> 47 | G9: 47 | H9: =G9-F9 -> 0 | I9: =INDEX('Scored Shortlist'!$J$4:$J$203,MATCH(A9&"|JD3",'Scored Shortlist'!$P$4:$P$203,0)) -> Not shortlisted | J9: =IF(AND(G9>=SL_CUT,P9>=SL_SKILL),"Shortlist",IF(AND(G9>=RV_CUT,P9>=RV_SKILL),"Review","Not shortlisted")) -> Not shortlisted | K9: =INDEX('Scored Shortlist'!$I$4:$I$203,MATCH(A9&"|JD5",'Scored Shortlist'!$P$4:$P$203,0)) -> 59 | L9: 59 | M9: =L9-K9 -> 0 | N9: =INDEX('Scored Shortlist'!$J$4:$J$203,MATCH(A9&"|JD5",'Scored Shortlist'!$P$4:$P$203,0)) -> Review | O9: =IF(AND(L9>=SL_CUT,Q9>=SL_SKILL),"Shortlist",IF(AND(L9>=RV_CUT,Q9>=RV_SKILL),"Review","Not shortlisted")) -> Review | P9: 12 | Q9: 16
A10: CV028 | B10: =INDEX(Resumes!$B$2:$B$101,MATCH(A10,Resumes!$A$2:$A$101,0)) -> Simran Menon | C10: =INDEX(Resumes!$C$2:$C$101,MATCH(A10,Resumes!$A$2:$A$101,0)) -> Female | D10: Sanjay Menon | E10: Male | F10: =INDEX('Scored Shortlist'!$I$4:$I$203,MATCH(A10&"|JD3",'Scored Shortlist'!$P$4:$P$203,0)) -> 48 | G10: 48 | H10: =G10-F10 -> 0 | I10: =INDEX('Scored Shortlist'!$J$4:$J$203,MATCH(A10&"|JD3",'Scored Shortlist'!$P$4:$P$203,0)) -> Not shortlisted | J10: =IF(AND(G10>=SL_CUT,P10>=SL_SKILL),"Shortlist",IF(AND(G10>=RV_CUT,P10>=RV_SKILL),"Review","Not shortlisted")) -> Not shortlisted | K10: =INDEX('Scored Shortlist'!$I$4:$I$203,MATCH(A10&"|JD5",'Scored Shortlist'!$P$4:$P$203,0)) -> 56 | L10: 56 | M10: =L10-K10 -> 0 | N10: =INDEX('Scored Shortlist'!$J$4:$J$203,MATCH(A10&"|JD5",'Scored Shortlist'!$P$4:$P$203,0)) -> Review | O10: =IF(AND(L10>=SL_CUT,Q10>=SL_SKILL),"Shortlist",IF(AND(L10>=RV_CUT,Q10>=RV_SKILL),"Review","Not shortlisted")) -> Review | P10: 12 | Q10: 12
A11: CV019 | B11: =INDEX(Resumes!$B$2:$B$101,MATCH(A11,Resumes!$A$2:$A$101,0)) -> Rahul Pawar | C11: =INDEX(Resumes!$C$2:$C$101,MATCH(A11,Resumes!$A$2:$A$101,0)) -> Male | D11: Pooja Pawar | E11: Female | F11: =INDEX('Scored Shortlist'!$I$4:$I$203,MATCH(A11&"|JD3",'Scored Shortlist'!$P$4:$P$203,0)) -> 72 | G11: 72 | H11: =G11-F11 -> 0 | I11: =INDEX('Scored Shortlist'!$J$4:$J$203,MATCH(A11&"|JD3",'Scored Shortlist'!$P$4:$P$203,0)) -> Shortlist | J11: =IF(AND(G11>=SL_CUT,P11>=SL_SKILL),"Shortlist",IF(AND(G11>=RV_CUT,P11>=RV_SKILL),"Review","Not shortlisted")) -> Shortlist | K11: =INDEX('Scored Shortlist'!$I$4:$I$203,MATCH(A11&"|JD5",'Scored Shortlist'!$P$4:$P$203,0)) -> 63 | L11: 63 | M11: =L11-K11 -> 0 | N11: =INDEX('Scored Shortlist'!$J$4:$J$203,MATCH(A11&"|JD5",'Scored Shortlist'!$P$4:$P$203,0)) -> Shortlist | O11: =IF(AND(L11>=SL_CUT,Q11>=SL_SKILL),"Shortlist",IF(AND(L11>=RV_CUT,Q11>=RV_SKILL),"Review","Not shortlisted")) -> Shortlist | P11: 12 | Q11: 16
A12: CV080 | B12: =INDEX(Resumes!$B$2:$B$101,MATCH(A12,Resumes!$A$2:$A$101,0)) -> Kabir Das | C12: =INDEX(Resumes!$C$2:$C$101,MATCH(A12,Resumes!$A$2:$A$101,0)) -> Male | D12: Ananya Das | E12: Female | F12: =INDEX('Scored Shortlist'!$I$4:$I$203,MATCH(A12&"|JD3",'Scored Shortlist'!$P$4:$P$203,0)) -> 50 | G12: 50 | H12: =G12-F12 -> 0 | I12: =INDEX('Scored Shortlist'!$J$4:$J$203,MATCH(A12&"|JD3",'Scored Shortlist'!$P$4:$P$203,0)) -> Not shortlisted | J12: =IF(AND(G12>=SL_CUT,P12>=SL_SKILL),"Shortlist",IF(AND(G12>=RV_CUT,P12>=RV_SKILL),"Review","Not shortlisted")) -> Not shortlisted | K12: =INDEX('Scored Shortlist'!$I$4:$I$203,MATCH(A12&"|JD5",'Scored Shortlist'!$P$4:$P$203,0)) -> 76 | L12: 76 | M12: =L12-K12 -> 0 | N12: =INDEX('Scored Shortlist'!$J$4:$J$203,MATCH(A12&"|JD5",'Scored Shortlist'!$P$4:$P$203,0)) -> Shortlist | O12: =IF(AND(L12>=SL_CUT,Q12>=SL_SKILL),"Shortlist",IF(AND(L12>=RV_CUT,Q12>=RV_SKILL),"Review","Not shortlisted")) -> Shortlist | P12: 16 | Q12: 24
A13: CV009 | B13: =INDEX(Resumes!$B$2:$B$101,MATCH(A13,Resumes!$A$2:$A$101,0)) -> Vivaan Das | C13: =INDEX(Resumes!$C$2:$C$101,MATCH(A13,Resumes!$A$2:$A$101,0)) -> Male | D13: Ishita Das | E13: Female | F13: =INDEX('Scored Shortlist'!$I$4:$I$203,MATCH(A13&"|JD3",'Scored Shortlist'!$P$4:$P$203,0)) -> 57 | G13: 57 | H13: =G13-F13 -> 0 | I13: =INDEX('Scored Shortlist'!$J$4:$J$203,MATCH(A13&"|JD3",'Scored Shortlist'!$P$4:$P$203,0)) -> Review | J13: =IF(AND(G13>=SL_CUT,P13>=SL_SKILL),"Shortlist",IF(AND(G13>=RV_CUT,P13>=RV_SKILL),"Review","Not shortlisted")) -> Review | K13: =INDEX('Scored Shortlist'!$I$4:$I$203,MATCH(A13&"|JD5",'Scored Shortlist'!$P$4:$P$203,0)) -> 60 | L13: 60 | M13: =L13-K13 -> 0 | N13: =INDEX('Scored Shortlist'!$J$4:$J$203,MATCH(A13&"|JD5",'Scored Shortlist'!$P$4:$P$203,0)) -> Shortlist | O13: =IF(AND(L13>=SL_CUT,Q13>=SL_SKILL),"Shortlist",IF(AND(L13>=RV_CUT,Q13>=RV_SKILL),"Review","Not shortlisted")) -> Shortlist | P13: 8 | Q13: 16
A14: CV099 | B14: =INDEX(Resumes!$B$2:$B$101,MATCH(A14,Resumes!$A$2:$A$101,0)) -> Tushar Deshmukh | C14: =INDEX(Resumes!$C$2:$C$101,MATCH(A14,Resumes!$A$2:$A$101,0)) -> Male | D14: Neha Deshmukh | E14: Female | F14: =INDEX('Scored Shortlist'!$I$4:$I$203,MATCH(A14&"|JD3",'Scored Shortlist'!$P$4:$P$203,0)) -> 67 | G14: 67 | H14: =G14-F14 -> 0 | I14: =INDEX('Scored Shortlist'!$J$4:$J$203,MATCH(A14&"|JD3",'Scored Shortlist'!$P$4:$P$203,0)) -> Shortlist | J14: =IF(AND(G14>=SL_CUT,P14>=SL_SKILL),"Shortlist",IF(AND(G14>=RV_CUT,P14>=RV_SKILL),"Review","Not shortlisted")) -> Shortlist | K14: =INDEX('Scored Shortlist'!$I$4:$I$203,MATCH(A14&"|JD5",'Scored Shortlist'!$P$4:$P$203,0)) -> 58 | L14: 58 | M14: =L14-K14 -> 0 | N14: =INDEX('Scored Shortlist'!$J$4:$J$203,MATCH(A14&"|JD5",'Scored Shortlist'!$P$4:$P$203,0)) -> Review | O14: =IF(AND(L14>=SL_CUT,Q14>=SL_SKILL),"Shortlist",IF(AND(L14>=RV_CUT,Q14>=RV_SKILL),"Review","Not shortlisted")) -> Review | P14: 12 | Q14: 12
A15: CV040 | B15: =INDEX(Resumes!$B$2:$B$101,MATCH(A15,Resumes!$A$2:$A$101,0)) -> Deepak Desai | C15: =INDEX(Resumes!$C$2:$C$101,MATCH(A15,Resumes!$A$2:$A$101,0)) -> Male | D15: Priya Desai | E15: Female | F15: =INDEX('Scored Shortlist'!$I$4:$I$203,MATCH(A15&"|JD3",'Scored Shortlist'!$P$4:$P$203,0)) -> 63 | G15: 63 | H15: =G15-F15 -> 0 | I15: =INDEX('Scored Shortlist'!$J$4:$J$203,MATCH(A15&"|JD3",'Scored Shortlist'!$P$4:$P$203,0)) -> Review | J15: =IF(AND(G15>=SL_CUT,P15>=SL_SKILL),"Shortlist",IF(AND(G15>=RV_CUT,P15>=RV_SKILL),"Review","Not shortlisted")) -> Review | K15: =INDEX('Scored Shortlist'!$I$4:$I$203,MATCH(A15&"|JD5",'Scored Shortlist'!$P$4:$P$203,0)) -> 67 | L15: 67 | M15: =L15-K15 -> 0 | N15: =INDEX('Scored Shortlist'!$J$4:$J$203,MATCH(A15&"|JD5",'Scored Shortlist'!$P$4:$P$203,0)) -> Shortlist | O15: =IF(AND(L15>=SL_CUT,Q15>=SL_SKILL),"Shortlist",IF(AND(L15>=RV_CUT,Q15>=RV_SKILL),"Review","Not shortlisted")) -> Shortlist | P15: 8 | Q15: 20
A17: B. Result
A18: Measure | B18: Value
A19: Score comparisons (10 resumes x 2 roles) | B19: =COUNT(F6:F15)+COUNT(K6:K15) -> 20
A20: Mean absolute score change (points) | B20: =(SUMPRODUCT(ABS(H6:H15))+SUMPRODUCT(ABS(M6:M15)))/B19 -> 0
A21: Largest absolute score change (points) | B21: =MAX(MAX(H6:H15),-MIN(H6:H15),MAX(M6:M15),-MIN(M6:M15)) -> 0
A22: Decisions that changed after the swap | B22: =SUMPRODUCT(--(I6:I15<>J6:J15))+SUMPRODUCT(--(N6:N15<>O6:O15)) -> 0
A23: Pass rule: 0 decision changes and max change <= 2 points | B23: =IF(AND(B22=0,B21<=2),"PASS","FAIL") -> PASS
A24: Reading: the v3.1 screener is name-blind by design (part 6 of the prompt, and it scores only the rubric fields), so a zero change is the expected result and confirms the design works. It does not prove that a free-form chatbot would behave the same. Before using any new tool or model, repeat this test in fresh chats in that tool.
A26: C. Swapped resume text sent to the screener (only the name differs from the original)
A27: candidate_id | B27: swapped name | C27: swapped resume_summary
A28: CV051 | B28: Rohit Shah | C28: Rohit Shah, CA from a tier-3 institute. 3.4 years of experience, most recently at an IT services firm. Key skills: valuation, Excel, campaign management, public speaking, Tableau, Google Analytics, product roadmap. Achievement: led a 5-member campus marketing team. Career gap: 1-year career break (family).
A29: CV052 | B29: Arjun Verma | C29: Arjun Verma, B.Tech + MBA from a tier-3 institute. 3.2 years of experience, most recently at a manufacturing company. Key skills: recruitment, Tableau, financial modelling, product roadmap, agile, inventory planning. Achievement: cut reporting time by 40% by automating Excel reports. Career gap: None.
A30: CV087 | B30: Venkatesh Gupta | C30: Venkatesh Gupta, MBA Finance from a tier-2 institute. 5.6 years of experience, most recently at a fintech start-up. Key skills: HR analytics, demand forecasting, user research, vendor management, UPI/payments, Power BI. Achievement: handled 120 hires in one year. Career gap: 1-year career break (family).
A31: CV057 | B31: Arnab Chatterjee | C31: Arnab Chatterjee, MBA Operations from a tier-2 institute. 4.6 years of experience, most recently at a consulting firm. Key skills: Excel, agile, SEO, Tableau, UPI/payments, public speaking. Achievement: handled 120 hires in one year. Career gap: 1-year career break (family).
A32: CV028 | B32: Sanjay Menon | C32: Sanjay Menon, MBA Operations from a tier-1 institute. 5.9 years of experience, most recently at a consulting firm. Key skills: HR analytics, A/B testing, Python, Tableau, inventory planning, SQL, valuation. Achievement: improved vendor on-time delivery from 78% to 92%. Career gap: None.
A33: CV019 | B33: Pooja Pawar | C33: Pooja Pawar, MBA Finance from a tier-3 institute. 3.5 years of experience, most recently at a consulting firm. Key skills: SEO, product roadmap, A/B testing, Excel, user research. Achievement: built a Power BI sales dashboard used by 30 managers. Career gap: None.
A34: CV080 | B34: Ananya Das | C34: Ananya Das, B.Tech + MBA from a tier-3 institute. 6.1 years of experience, most recently at an IT services firm. Key skills: SQL, demand forecasting, user research, Power BI, valuation, Tableau, vendor management, UPI/payments. Achievement: built a Power BI sales dashboard used by 30 managers. Career gap: None.
A35: CV009 | B35: Ishita Das | C35: Ishita Das, MBA Finance from a tier-2 institute. 5.8 years of experience, most recently at an FMCG distributor. Key skills: valuation, A/B testing, product roadmap, user research, vendor management, employee relations. Achievement: improved vendor on-time delivery from 78% to 92%. Career gap: None.
A36: CV099 | B36: Neha Deshmukh | C36: Neha Deshmukh, MBA Finance from a tier-2 institute. 4.5 years of experience, most recently at a retail chain. Key skills: A/B testing, Excel, Python, recruitment, stakeholder management, Tableau, agile. Achievement: cut reporting time by 40% by automating Excel reports. Career gap: 1-year career break (family).
A37: CV040 | B37: Priya Desai | C37: Priya Desai, MBA Finance from a tier-1 institute. 5.6 years of experience, most recently at a retail chain. Key skills: product roadmap, A/B testing, Power BI, agile, demand forecasting, campaign management. Achievement: built a Power BI sales dashboard used by 30 managers. Career gap: 6-month gap (exam preparation).

Sheet Fairness Audit
A1: Fairness audit - group outcomes and the proxy-feature experiment
A2: Gender, tier and career gap are joined here AFTER scoring, for audit only. The "v2 rules" columns re-apply the rejected v2 adjustments to show their effect.
A4: A. Gender outcomes under the final v3.1 screener
A5: Measure | B5: JD3 Female | C5: JD3 Male | D5: JD3 ratio (AIR) | E5: JD5 Female | F5: JD5 Male | G5: JD5 ratio (AIR)
A6: Candidates | B6: =COUNTIFS($B$46:$B$245,"JD3",$C$46:$C$245,"Female") -> 52 | C6: =COUNTIFS($B$46:$B$245,"JD3",$C$46:$C$245,"Male") -> 48 | E6: =COUNTIFS($B$46:$B$245,"JD5",$C$46:$C$245,"Female") -> 52 | F6: =COUNTIFS($B$46:$B$245,"JD5",$C$46:$C$245,"Male") -> 48
A7: Mean total score | B7: =AVERAGEIFS($F$46:$F$245,$B$46:$B$245,"JD3",$C$46:$C$245,"Female") -> 44.942308 | C7: =AVERAGEIFS($F$46:$F$245,$B$46:$B$245,"JD3",$C$46:$C$245,"Male") -> 44.958333 | E7: =AVERAGEIFS($F$46:$F$245,$B$46:$B$245,"JD5",$C$46:$C$245,"Female") -> 43.192308 | F7: =AVERAGEIFS($F$46:$F$245,$B$46:$B$245,"JD5",$C$46:$C$245,"Male") -> 43.125
A8: Shortlisted | B8: =COUNTIFS($B$46:$B$245,"JD3",$C$46:$C$245,"Female",$H$46:$H$245,"Shortlist") -> 4 | C8: =COUNTIFS($B$46:$B$245,"JD3",$C$46:$C$245,"Male",$H$46:$H$245,"Shortlist") -> 3 | E8: =COUNTIFS($B$46:$B$245,"JD5",$C$46:$C$245,"Female",$H$46:$H$245,"Shortlist") -> 2 | F8: =COUNTIFS($B$46:$B$245,"JD5",$C$46:$C$245,"Male",$H$46:$H$245,"Shortlist") -> 5
A9: Shortlist rate | B9: =B8/B6 -> 0.076923077 | C9: =C8/C6 -> 0.0625 | D9: =IF(MAX(B9,C9)=0,"n/a",MIN(B9,C9)/MAX(B9,C9)) -> 0.8125 | E9: =E8/E6 -> 0.038461538 | F9: =F8/F6 -> 0.10416667 | G9: =IF(MAX(E9,F9)=0,"n/a",MIN(E9,F9)/MAX(E9,F9)) -> 0.36923077
A10: Shortlist + Review | B10: =COUNTIFS($B$46:$B$245,"JD3",$C$46:$C$245,"Female",$H$46:$H$245,"<>Not shortlisted") -> 10 | C10: =COUNTIFS($B$46:$B$245,"JD3",$C$46:$C$245,"Male",$H$46:$H$245,"<>Not shortlisted") -> 9 | E10: =COUNTIFS($B$46:$B$245,"JD5",$C$46:$C$245,"Female",$H$46:$H$245,"<>Not shortlisted") -> 9 | F10: =COUNTIFS($B$46:$B$245,"JD5",$C$46:$C$245,"Male",$H$46:$H$245,"<>Not shortlisted") -> 9
A11: Shortlist + Review rate | B11: =B10/B6 -> 0.19230769 | C11: =C10/C6 -> 0.1875 | D11: =IF(MAX(B11,C11)=0,"n/a",MIN(B11,C11)/MAX(B11,C11)) -> 0.975 | E11: =E10/E6 -> 0.17307692 | F11: =F10/F6 -> 0.1875 | G11: =IF(MAX(E11,F11)=0,"n/a",MIN(E11,F11)/MAX(E11,F11)) -> 0.92307692
A12: AIR = lower selection rate / higher selection rate. Below 0.80 fails the four-fifths rule of thumb and must be investigated. With 7 shortlisted per role, one candidate moves the ratio a lot, so also read the Shortlist + Review row and the significance note in the report.
A14: B. Proxy-feature experiment: v3.1 scores + the rejected v2 adjustments
A15: v2 adjustment | B15: Points
A16: Tier-1 institute | B16: 5
A17: Tier-3 institute | B17: -5
A18: Any career gap | B18: -5
A20: Decisions changed by the adjustments (of 200) | B20: =SUM($M$46:$M$245) -> 23
A22: Group | B22: JD3 shortlist rate v3.1 | C22: JD3 rate with v2 rules | D22: JD5 shortlist rate v3.1 | E22: JD5 rate with v2 rules | F22: Candidates
A23: Female | B23: =COUNTIFS($B$46:$B$245,"JD3",$C$46:$C$245,"Female",$H$46:$H$245,"Shortlist")/COUNTIFS($B$46:$B$245,"JD3",$C$46:$C$245,"Female") -> 0.076923077 | C23: =COUNTIFS($B$46:$B$245,"JD3",$C$46:$C$245,"Female",$L$46:$L$245,"Shortlist")/COUNTIFS($B$46:$B$245,"JD3",$C$46:$C$245,"Female") -> 0.038461538 | D23: =COUNTIFS($B$46:$B$245,"JD5",$C$46:$C$245,"Female",$H$46:$H$245,"Shortlist")/COUNTIFS($B$46:$B$245,"JD5",$C$46:$C$245,"Female") -> 0.038461538 | E23: =COUNTIFS($B$46:$B$245,"JD5",$C$46:$C$245,"Female",$L$46:$L$245,"Shortlist")/COUNTIFS($B$46:$B$245,"JD5",$C$46:$C$245,"Female") -> 0.057692308 | F23: =COUNTIFS($B$46:$B$245,"JD3",$C$46:$C$245,"Female") -> 52
A24: Male | B24: =COUNTIFS($B$46:$B$245,"JD3",$C$46:$C$245,"Male",$H$46:$H$245,"Shortlist")/COUNTIFS($B$46:$B$245,"JD3",$C$46:$C$245,"Male") -> 0.0625 | C24: =COUNTIFS($B$46:$B$245,"JD3",$C$46:$C$245,"Male",$L$46:$L$245,"Shortlist")/COUNTIFS($B$46:$B$245,"JD3",$C$46:$C$245,"Male") -> 0.0625 | D24: =COUNTIFS($B$46:$B$245,"JD5",$C$46:$C$245,"Male",$H$46:$H$245,"Shortlist")/COUNTIFS($B$46:$B$245,"JD5",$C$46:$C$245,"Male") -> 0.10416667 | E24: =COUNTIFS($B$46:$B$245,"JD5",$C$46:$C$245,"Male",$L$46:$L$245,"Shortlist")/COUNTIFS($B$46:$B$245,"JD5",$C$46:$C$245,"Male") -> 0.083333333 | F24: =COUNTIFS($B$46:$B$245,"JD3",$C$46:$C$245,"Male") -> 48
A25: Tier-1 institute | B25: =COUNTIFS($B$46:$B$245,"JD3",$D$46:$D$245,"Tier-1 institute",$H$46:$H$245,"Shortlist")/COUNTIFS($B$46:$B$245,"JD3",$D$46:$D$245,"Tier-1 institute") -> 0 | C25: =COUNTIFS($B$46:$B$245,"JD3",$D$46:$D$245,"Tier-1 institute",$L$46:$L$245,"Shortlist")/COUNTIFS($B$46:$B$245,"JD3",$D$46:$D$245,"Tier-1 institute") -> 0.0625 | D25: =COUNTIFS($B$46:$B$245,"JD5",$D$46:$D$245,"Tier-1 institute",$H$46:$H$245,"Shortlist")/COUNTIFS($B$46:$B$245,"JD5",$D$46:$D$245,"Tier-1 institute") -> 0.0625 | E25: =COUNTIFS($B$46:$B$245,"JD5",$D$46:$D$245,"Tier-1 institute",$L$46:$L$245,"Shortlist")/COUNTIFS($B$46:$B$245,"JD5",$D$46:$D$245,"Tier-1 institute") -> 0.125 | F25: =COUNTIFS($B$46:$B$245,"JD3",$D$46:$D$245,"Tier-1 institute") -> 16
A26: Tier-2 institute | B26: =COUNTIFS($B$46:$B$245,"JD3",$D$46:$D$245,"Tier-2 institute",$H$46:$H$245,"Shortlist")/COUNTIFS($B$46:$B$245,"JD3",$D$46:$D$245,"Tier-2 institute") -> 0.04 | C26: =COUNTIFS($B$46:$B$245,"JD3",$D$46:$D$245,"Tier-2 institute",$L$46:$L$245,"Shortlist")/COUNTIFS($B$46:$B$245,"JD3",$D$46:$D$245,"Tier-2 institute") -> 0.02 | D26: =COUNTIFS($B$46:$B$245,"JD5",$D$46:$D$245,"Tier-2 institute",$H$46:$H$245,"Shortlist")/COUNTIFS($B$46:$B$245,"JD5",$D$46:$D$245,"Tier-2 institute") -> 0.04 | E26: =COUNTIFS($B$46:$B$245,"JD5",$D$46:$D$245,"Tier-2 institute",$L$46:$L$245,"Shortlist")/COUNTIFS($B$46:$B$245,"JD5",$D$46:$D$245,"Tier-2 institute") -> 0.04 | F26: =COUNTIFS($B$46:$B$245,"JD3",$D$46:$D$245,"Tier-2 institute") -> 50
A27: Tier-3 institute | B27: =COUNTIFS($B$46:$B$245,"JD3",$D$46:$D$245,"Tier-3 institute",$H$46:$H$245,"Shortlist")/COUNTIFS($B$46:$B$245,"JD3",$D$46:$D$245,"Tier-3 institute") -> 0.14705882 | C27: =COUNTIFS($B$46:$B$245,"JD3",$D$46:$D$245,"Tier-3 institute",$L$46:$L$245,"Shortlist")/COUNTIFS($B$46:$B$245,"JD3",$D$46:$D$245,"Tier-3 institute") -> 0.088235294 | D27: =COUNTIFS($B$46:$B$245,"JD5",$D$46:$D$245,"Tier-3 institute",$H$46:$H$245,"Shortlist")/COUNTIFS($B$46:$B$245,"JD5",$D$46:$D$245,"Tier-3 institute") -> 0.11764706 | E27: =COUNTIFS($B$46:$B$245,"JD5",$D$46:$D$245,"Tier-3 institute",$L$46:$L$245,"Shortlist")/COUNTIFS($B$46:$B$245,"JD5",$D$46:$D$245,"Tier-3 institute") -> 0.088235294 | F27: =COUNTIFS($B$46:$B$245,"JD3",$D$46:$D$245,"Tier-3 institute") -> 34
A28: Career gap: None | B28: =COUNTIFS($B$46:$B$245,"JD3",$E$46:$E$245,"None",$H$46:$H$245,"Shortlist")/COUNTIFS($B$46:$B$245,"JD3",$E$46:$E$245,"None") -> 0.044776119 | C28: =COUNTIFS($B$46:$B$245,"JD3",$E$46:$E$245,"None",$L$46:$L$245,"Shortlist")/COUNTIFS($B$46:$B$245,"JD3",$E$46:$E$245,"None") -> 0.044776119 | D28: =COUNTIFS($B$46:$B$245,"JD5",$E$46:$E$245,"None",$H$46:$H$245,"Shortlist")/COUNTIFS($B$46:$B$245,"JD5",$E$46:$E$245,"None") -> 0.089552239 | E28: =COUNTIFS($B$46:$B$245,"JD5",$E$46:$E$245,"None",$L$46:$L$245,"Shortlist")/COUNTIFS($B$46:$B$245,"JD5",$E$46:$E$245,"None") -> 0.089552239 | F28: =COUNTIFS($B$46:$B$245,"JD3",$E$46:$E$245,"None") -> 67
A29: Career gap: 6-month gap (exam preparation) | B29: =COUNTIFS($B$46:$B$245,"JD3",$E$46:$E$245,"6-month gap (exam preparation)",$H$46:$H$245,"Shortlist")/COUNTIFS($B$46:$B$245,"JD3",$E$46:$E$245,"6-month gap (exam preparation)") -> 0.11764706 | C29: =COUNTIFS($B$46:$B$245,"JD3",$E$46:$E$245,"6-month gap (exam preparation)",$L$46:$L$245,"Shortlist")/COUNTIFS($B$46:$B$245,"JD3",$E$46:$E$245,"6-month gap (exam preparation)") -> 0 | D29: =COUNTIFS($B$46:$B$245,"JD5",$E$46:$E$245,"6-month gap (exam preparation)",$H$46:$H$245,"Shortlist")/COUNTIFS($B$46:$B$245,"JD5",$E$46:$E$245,"6-month gap (exam preparation)") -> 0.058823529 | E29: =COUNTIFS($B$46:$B$245,"JD5",$E$46:$E$245,"6-month gap (exam preparation)",$L$46:$L$245,"Shortlist")/COUNTIFS($B$46:$B$245,"JD5",$E$46:$E$245,"6-month gap (exam preparation)") -> 0.058823529 | F29: =COUNTIFS($B$46:$B$245,"JD3",$E$46:$E$245,"6-month gap (exam preparation)") -> 17
A30: Career gap: 1-year career break (family) | B30: =COUNTIFS($B$46:$B$245,"JD3",$E$46:$E$245,"1-year career break (family)",$H$46:$H$245,"Shortlist")/COUNTIFS($B$46:$B$245,"JD3",$E$46:$E$245,"1-year career break (family)") -> 0.125 | C30: =COUNTIFS($B$46:$B$245,"JD3",$E$46:$E$245,"1-year career break (family)",$L$46:$L$245,"Shortlist")/COUNTIFS($B$46:$B$245,"JD3",$E$46:$E$245,"1-year career break (family)") -> 0.125 | D30: =COUNTIFS($B$46:$B$245,"JD5",$E$46:$E$245,"1-year career break (family)",$H$46:$H$245,"Shortlist")/COUNTIFS($B$46:$B$245,"JD5",$E$46:$E$245,"1-year career break (family)") -> 0 | E30: =COUNTIFS($B$46:$B$245,"JD5",$E$46:$E$245,"1-year career break (family)",$L$46:$L$245,"Shortlist")/COUNTIFS($B$46:$B$245,"JD5",$E$46:$E$245,"1-year career break (family)") -> 0 | F30: =COUNTIFS($B$46:$B$245,"JD3",$E$46:$E$245,"1-year career break (family)") -> 16
A31: Gender AIR (shortlist) | B31: =IF(MAX(B23,B24)=0,"n/a",MIN(B23,B24)/MAX(B23,B24)) -> 0.8125 | C31: =IF(MAX(C23,C24)=0,"n/a",MIN(C23,C24)/MAX(C23,C24)) -> 0.61538462 | D31: =IF(MAX(D23,D24)=0,"n/a",MIN(D23,D24)/MAX(D23,D24)) -> 0.36923077 | E31: =IF(MAX(E23,E24)=0,"n/a",MIN(E23,E24)/MAX(E23,E24)) -> 0.69230769
A33: Decision with v2 rules | B33: JD3 v3.1 | C33: JD3 v2 rules | D33: JD5 v3.1 | E33: JD5 v2 rules
A34: Shortlist | B34: =COUNTIFS($B$46:$B$245,"JD3",$H$46:$H$245,"Shortlist") -> 7 | C34: =COUNTIFS($B$46:$B$245,"JD3",$L$46:$L$245,"Shortlist") -> 5 | D34: =COUNTIFS($B$46:$B$245,"JD5",$H$46:$H$245,"Shortlist") -> 7 | E34: =COUNTIFS($B$46:$B$245,"JD5",$L$46:$L$245,"Shortlist") -> 7
A35: Review | B35: =COUNTIFS($B$46:$B$245,"JD3",$H$46:$H$245,"Review") -> 12 | C35: =COUNTIFS($B$46:$B$245,"JD3",$L$46:$L$245,"Review") -> 14 | D35: =COUNTIFS($B$46:$B$245,"JD5",$H$46:$H$245,"Review") -> 11 | E35: =COUNTIFS($B$46:$B$245,"JD5",$L$46:$L$245,"Review") -> 4
A36: Not shortlisted | B36: =COUNTIFS($B$46:$B$245,"JD3",$H$46:$H$245,"Not shortlisted") -> 81 | C36: =COUNTIFS($B$46:$B$245,"JD3",$L$46:$L$245,"Not shortlisted") -> 81 | D36: =COUNTIFS($B$46:$B$245,"JD5",$H$46:$H$245,"Not shortlisted") -> 82 | E36: =COUNTIFS($B$46:$B$245,"JD5",$L$46:$L$245,"Not shortlisted") -> 89
A44: Audit data (one row per scored pair)
A45: candidate_id | B45: jd_id | C45: gender | D45: institute_tier | E45: career_gap | F45: v3.1 total | G45: skill pts | H45: v3.1 decision | I45: tier adj (v2) | J45: gap adj (v2) | K45: total with v2 rules | L45: decision with v2 rules | M45: changed (1=yes)
A46: ='Scored Shortlist'!A4 -> CV051 | B46: ='Scored Shortlist'!C4 -> JD3 | C46: =INDEX(Resumes!$C$2:$C$101,MATCH(A46,Resumes!$A$2:$A$101,0)) -> Female | D46: =INDEX(Resumes!$F$2:$F$101,MATCH(A46,Resumes!$A$2:$A$101,0)) -> Tier-3 institute | E46: =INDEX(Resumes!$H$2:$H$101,MATCH(A46,Resumes!$A$2:$A$101,0)) -> 1-year career break (family) | F46: ='Scored Shortlist'!I4 -> 73 | G46: ='Scored Shortlist'!G4 -> 20 | H46: ='Scored Shortlist'!J4 -> Shortlist | I46: =IF(D46="Tier-1 institute",$B$16,IF(D46="Tier-3 institute",$B$17,0)) -> -5 | J46: =IF(E46="None",0,$B$18) -> -5 | K46: =F46+I46+J46 -> 63 | L46: =IF(AND(K46>=SL_CUT,G46>=SL_SKILL),"Shortlist",IF(AND(K46>=RV_CUT,G46>=RV_SKILL),"Review","Not shortlisted")) -> Shortlist | M46: =IF(H46<>L46,1,0) -> 0
A47: ='Scored Shortlist'!A5 -> CV019 | B47: ='Scored Shortlist'!C5 -> JD3 | C47: =INDEX(Resumes!$C$2:$C$101,MATCH(A47,Resumes!$A$2:$A$101,0)) -> Male | D47: =INDEX(Resumes!$F$2:$F$101,MATCH(A47,Resumes!$A$2:$A$101,0)) -> Tier-3 institute | E47: =INDEX(Resumes!$H$2:$H$101,MATCH(A47,Resumes!$A$2:$A$101,0)) -> None | F47: ='Scored Shortlist'!I5 -> 72 | G47: ='Scored Shortlist'!G5 -> 12 | H47: ='Scored Shortlist'!J5 -> Shortlist | I47: =IF(D47="Tier-1 institute",$B$16,IF(D47="Tier-3 institute",$B$17,0)) -> -5 | J47: =IF(E47="None",0,$B$18) -> 0 | K47: =F47+I47+J47 -> 67 | L47: =IF(AND(K47>=SL_CUT,G47>=SL_SKILL),"Shortlist",IF(AND(K47>=RV_CUT,G47>=RV_SKILL),"Review","Not shortlisted")) -> Shortlist | M47: =IF(H47<>L47,1,0) -> 0
A48: ='Scored Shortlist'!A6 -> CV025 | B48: ='Scored Shortlist'!C6 -> JD3 | C48: =INDEX(Resumes!$C$2:$C$101,MATCH(A48,Resumes!$A$2:$A$101,0)) -> Female | D48: =INDEX(Resumes!$F$2:$F$101,MATCH(A48,Resumes!$A$2:$A$101,0)) -> Tier-3 institute | E48: =INDEX(Resumes!$H$2:$H$101,MATCH(A48,Resumes!$A$2:$A$101,0)) -> 6-month gap (exam preparation) | F48: ='Scored Shortlist'!I6 -> 68 | G48: ='Scored Shortlist'!G6 -> 20 | H48: ='Scored Shortlist'!J6 -> Shortlist | I48: =IF(D48="Tier-1 institute",$B$16,IF(D48="Tier-3 institute",$B$17,0)) -> -5 | J48: =IF(E48="None",0,$B$18) -> -5 | K48: =F48+I48+J48 -> 58 | L48: =IF(AND(K48>=SL_CUT,G48>=SL_SKILL),"Shortlist",IF(AND(K48>=RV_CUT,G48>=RV_SKILL),"Review","Not shortlisted")) -> Review | M48: =IF(H48<>L48,1,0) -> 1
A49: ='Scored Shortlist'!A7 -> CV055 | B49: ='Scored Shortlist'!C7 -> JD3 | C49: =INDEX(Resumes!$C$2:$C$101,MATCH(A49,Resumes!$A$2:$A$101,0)) -> Male | D49: =INDEX(Resumes!$F$2:$F$101,MATCH(A49,Resumes!$A$2:$A$101,0)) -> Tier-3 institute | E49: =INDEX(Resumes!$H$2:$H$101,MATCH(A49,Resumes!$A$2:$A$101,0)) -> None | F49: ='Scored Shortlist'!I7 -> 67 | G49: ='Scored Shortlist'!G7 -> 20 | H49: ='Scored Shortlist'!J7 -> Shortlist | I49: =IF(D49="Tier-1 institute",$B$16,IF(D49="Tier-3 institute",$B$17,0)) -> -5 | J49: =IF(E49="None",0,$B$18) -> 0 | K49: =F49+I49+J49 -> 62 | L49: =IF(AND(K49>=SL_CUT,G49>=SL_SKILL),"Shortlist",IF(AND(K49>=RV_CUT,G49>=RV_SKILL),"Review","Not shortlisted")) -> Shortlist | M49: =IF(H49<>L49,1,0) -> 0
A50: ='Scored Shortlist'!A8 -> CV099 | B50: ='Scored Shortlist'!C8 -> JD3 | C50: =INDEX(Resumes!$C$2:$C$101,MATCH(A50,Resumes!$A$2:$A$101,0)) -> Male | D50: =INDEX(Resumes!$F$2:$F$101,MATCH(A50,Resumes!$A$2:$A$101,0)) -> Tier-2 institute | E50: =INDEX(Resumes!$H$2:$H$101,MATCH(A50,Resumes!$A$2:$A$101,0)) -> 1-year career break (family) | F50: ='Scored Shortlist'!I8 -> 67 | G50: ='Scored Shortlist'!G8 -> 12 | H50: ='Scored Shortlist'!J8 -> Shortlist | I50: =IF(D50="Tier-1 institute",$B$16,IF(D50="Tier-3 institute",$B$17,0)) -> 0 | J50: =IF(E50="None",0,$B$18) -> -5 | K50: =F50+I50+J50 -> 62 | L50: =IF(AND(K50>=SL_CUT,G50>=SL_SKILL),"Shortlist",IF(AND(K50>=RV_CUT,G50>=RV_SKILL),"Review","Not shortlisted")) -> Shortlist | M50: =IF(H50<>L50,1,0) -> 0
A51: ='Scored Shortlist'!A9 -> CV040 | B51: ='Scored Shortlist'!C9 -> JD3 | C51: =INDEX(Resumes!$C$2:$C$101,MATCH(A51,Resumes!$A$2:$A$101,0)) -> Male | D51: =INDEX(Resumes!$F$2:$F$101,MATCH(A51,Resumes!$A$2:$A$101,0)) -> Tier-1 institute | E51: =INDEX(Resumes!$H$2:$H$101,MATCH(A51,Resumes!$A$2:$A$101,0)) -> 6-month gap (exam preparation) | F51: ='Scored Shortlist'!I9 -> 63 | G51: ='Scored Shortlist'!G9 -> 8 | H51: ='Scored Shortlist'!J9 -> Review | I51: =IF(D51="Tier-1 institute",$B$16,IF(D51="Tier-3 institute",$B$17,0)) -> 5 | J51: =IF(E51="None",0,$B$18) -> -5 | K51: =F51+I51+J51 -> 63 | L51: =IF(AND(K51>=SL_CUT,G51>=SL_SKILL),"Shortlist",IF(AND(K51>=RV_CUT,G51>=RV_SKILL),"Review","Not shortlisted")) -> Review | M51: =IF(H51<>L51,1,0) -> 0
A52: ='Scored Shortlist'!A10 -> CV052 | B52: ='Scored Shortlist'!C10 -> JD3 | C52: =INDEX(Resumes!$C$2:$C$101,MATCH(A52,Resumes!$A$2:$A$101,0)) -> Female | D52: =INDEX(Resumes!$F$2:$F$101,MATCH(A52,Resumes!$A$2:$A$101,0)) -> Tier-3 institute | E52: =INDEX(Resumes!$H$2:$H$101,MATCH(A52,Resumes!$A$2:$A$101,0)) -> None | F52: ='Scored Shortlist'!I10 -> 63 | G52: ='Scored Shortlist'!G10 -> 16 | H52: ='Scored Shortlist'!J10 -> Shortlist | I52: =IF(D52="Tier-1 institute",$B$16,IF(D52="Tier-3 institute",$B$17,0)) -> -5 | J52: =IF(E52="None",0,$B$18) -> 0 | K52: =F52+I52+J52 -> 58 | L52: =IF(AND(K52>=SL_CUT,G52>=SL_SKILL),"Shortlist",IF(AND(K52>=RV_CUT,G52>=RV_SKILL),"Review","Not shortlisted")) -> Review | M52: =IF(H52<>L52,1,0) -> 1
A53: ='Scored Shortlist'!A11 -> CV089 | B53: ='Scored Shortlist'!C11 -> JD3 | C53: =INDEX(Resumes!$C$2:$C$101,MATCH(A53,Resumes!$A$2:$A$101,0)) -> Female | D53: =INDEX(Resumes!$F$2:$F$101,MATCH(A53,Resumes!$A$2:$A$101,0)) -> Tier-2 institute | E53: =INDEX(Resumes!$H$2:$H$101,MATCH(A53,Resumes!$A$2:$A$101,0)) -> 6-month gap (exam preparation) | F53: ='Scored Shortlist'!I11 -> 63 | G53: ='Scored Shortlist'!G11 -> 16 | H53: ='Scored Shortlist'!J11 -> Shortlist | I53: =IF(D53="Tier-1 institute",$B$16,IF(D53="Tier-3 institute",$B$17,0)) -> 0 | J53: =IF(E53="None",0,$B$18) -> -5 | K53: =F53+I53+J53 -> 58 | L53: =IF(AND(K53>=SL_CUT,G53>=SL_SKILL),"Shortlist",IF(AND(K53>=RV_CUT,G53>=RV_SKILL),"Review","Not shortlisted")) -> Review | M53: =IF(H53<>L53,1,0) -> 1
A54: ='Scored Shortlist'!A12 -> CV044 | B54: ='Scored Shortlist'!C12 -> JD3 | C54: =INDEX(Resumes!$C$2:$C$101,MATCH(A54,Resumes!$A$2:$A$101,0)) -> Female | D54: =INDEX(Resumes!$F$2:$F$101,MATCH(A54,Resumes!$A$2:$A$101,0)) -> Tier-3 institute | E54: =INDEX(Resumes!$H$2:$H$101,MATCH(A54,Resumes!$A$2:$A$101,0)) -> None | F54: ='Scored Shortlist'!I12 -> 59 | G54: ='Scored Shortlist'!G12 -> 12 | H54: ='Scored Shortlist'!J12 -> Review | I54: =IF(D54="Tier-1 institute",$B$16,IF(D54="Tier-3 institute",$B$17,0)) -> -5 | J54: =IF(E54="None",0,$B$18) -> 0 | K54: =F54+I54+J54 -> 54 | L54: =IF(AND(K54>=SL_CUT,G54>=SL_SKILL),"Shortlist",IF(AND(K54>=RV_CUT,G54>=RV_SKILL),"Review","Not shortlisted")) -> Not shortlisted | M54: =IF(H54<>L54,1,0) -> 1
A55: ='Scored Shortlist'!A13 -> CV096 | B55: ='Scored Shortlist'!C13 -> JD3 | C55: =INDEX(Resumes!$C$2:$C$101,MATCH(A55,Resumes!$A$2:$A$101,0)) -> Male | D55: =INDEX(Resumes!$F$2:$F$101,MATCH(A55,Resumes!$A$2:$A$101,0)) -> Tier-2 institute | E55: =INDEX(Resumes!$H$2:$H$101,MATCH(A55,Resumes!$A$2:$A$101,0)) -> 1-year career break (family) | F55: ='Scored Shortlist'!I13 -> 58 | G55: ='Scored Shortlist'!G13 -> 8 | H55: ='Scored Shortlist'!J13 -> Review | I55: =IF(D55="Tier-1 institute",$B$16,IF(D55="Tier-3 institute",$B$17,0)) -> 0 | J55: =IF(E55="None",0,$B$18) -> -5 | K55: =F55+I55+J55 -> 53 | L55: =IF(AND(K55>=SL_CUT,G55>=SL_SKILL),"Shortlist",IF(AND(K55>=RV_CUT,G55>=RV_SKILL),"Review","Not shortlisted")) -> Not shortlisted | M55: =IF(H55<>L55,1,0) -> 1
A56: ='Scored Shortlist'!A14 -> CV005 | B56: ='Scored Shortlist'!C14 -> JD3 | C56: =INDEX(Resumes!$C$2:$C$101,MATCH(A56,Resumes!$A$2:$A$101,0)) -> Male | D56: =INDEX(Resumes!$F$2:$F$101,MATCH(A56,Resumes!$A$2:$A$101,0)) -> Tier-2 institute | E56: =INDEX(Resumes!$H$2:$H$101,MATCH(A56,Resumes!$A$2:$A$101,0)) -> None | F56: ='Scored Shortlist'!I14 -> 57 | G56: ='Scored Shortlist'!G14 -> 16 | H56: ='Scored Shortlist'!J14 -> Review | I56: =IF(D56="Tier-1 institute",$B$16,IF(D56="Tier-3 institute",$B$17,0)) -> 0 | J56: =IF(E56="None",0,$B$18) -> 0 | K56: =F56+I56+J56 -> 57 | L56: =IF(AND(K56>=SL_CUT,G56>=SL_SKILL),"Shortlist",IF(AND(K56>=RV_CUT,G56>=RV_SKILL),"Review","Not shortlisted")) -> Review | M56: =IF(H56<>L56,1,0) -> 0
A57: ='Scored Shortlist'!A15 -> CV009 | B57: ='Scored Shortlist'!C15 -> JD3 | C57: =INDEX(Resumes!$C$2:$C$101,MATCH(A57,Resumes!$A$2:$A$101,0)) -> Male | D57: =INDEX(Resumes!$F$2:$F$101,MATCH(A57,Resumes!$A$2:$A$101,0)) -> Tier-2 institute | E57: =INDEX(Resumes!$H$2:$H$101,MATCH(A57,Resumes!$A$2:$A$101,0)) -> None | F57: ='Scored Shortlist'!I15 -> 57 | G57: ='Scored Shortlist'!G15 -> 8 | H57: ='Scored Shortlist'!J15 -> Review | I57: =IF(D57="Tier-1 institute",$B$16,IF(D57="Tier-3 institute",$B$17,0)) -> 0 | J57: =IF(E57="None",0,$B$18) -> 0 | K57: =F57+I57+J57 -> 57 | L57: =IF(AND(K57>=SL_CUT,G57>=SL_SKILL),"Shortlist",IF(AND(K57>=RV_CUT,G57>=RV_SKILL),"Review","Not shortlisted")) -> Review | M57: =IF(H57<>L57,1,0) -> 0
... A245: ='Scored Shortlist'!A203 -> CV078 | B245: ='Scored Shortlist'!C203 -> JD5 | C245: =INDEX(Resumes!$C$2:$C$101,MATCH(A245,Resumes!$A$2:$A$101,0)) -> Male | D245: =INDEX(Resumes!$F$2:$F$101,MATCH(A245,Resumes!$A$2:$A$101,0)) -> Tier-2 institute | E245: =INDEX(Resumes!$H$2:$H$101,MATCH(A245,Resumes!$A$2:$A$101,0)) -> 1-year career break (family) | F245: ='Scored Shortlist'!I203 -> 9 | G245: ='Scored Shortlist'!G203 -> 0 | H245: ='Scored Shortlist'!J203 -> Not shortlisted | I245: =IF(D245="Tier-1 institute",$B$16,IF(D245="Tier-3 institute",$B$17,0)) -> 0 | J245: =IF(E245="None",0,$B$18) -> -5 | K245: =F245+I245+J245 -> 4 | L245: =IF(AND(K245>=SL_CUT,G245>=SL_SKILL),"Shortlist",IF(AND(K245>=RV_CUT,G245>=RV_SKILL),"Review","Not shortlisted")) -> Not shortlisted | M245: =IF(H245<>L245,1,0) -> 0

Sheet Guidelines
A1: Guidelines for fair AI-assisted resume screening
A2: Each rule is tied to evidence from this project, with an owner and a check. Written for the talent-acquisition team using this screener.
A4: # | B4: Guideline | C4: Why - evidence from this project | D4: How to apply / check | E4: Owner | F4: When
A5: 1 | B5: Score only job-related evidence. Remove or ignore name, gender, age, photo, institute tier, career-gap reasons and family details. | C5: v1 reasons cited tier or a gap in 4 of 5 pilots. The v2 tier/gap rules alone flipped 23 of 200 decisions and halved the JD3 female shortlist rate (7.7% to 3.8%), even though gender was never used. | D5: Keep part 6 of the prompt. Run the leakage check (Verification C) every cycle: all counts must be 0. | E5: Talent acquisition lead | F5: Every screening cycle
A6: 2 | B6: Fix and publish the rubric before scoring. No holistic "out of 100" prompts. | C6: Same 5 resumes: holistic v1 averaged 66, the rubric 49. A 17-point swing with no breakdown cannot be defended to a candidate or an auditor. | D6: Get hiring-manager sign-off on weights (25/25/40/10) and tables on Scoring Prompt before the first resume is scored. | E6: Hiring manager | F6: Per role, before launch
A7: 3 | B7: The AI scores components; a spreadsheet or system adds them up and decides. | C7: Independent formulas reproduced 200 of 200 AI component sets. Totals and decisions are formulas, so thresholds can change without re-prompting. | D7: Never accept an AI-written total or 'reject'. Keep the Rule Check; target 100% component agreement. | E7: HR analytics | F7: Every cycle
A8: 4 | B8: Allow partial credit only from a written list, cap it, and verify it at interview. | C8: 77 of 200 pairs used partial credit (e.g. Tableau for Power BI). It is reasonable evidence but softer than a listed skill. | D8: Interview probes column lists every partial credit to confirm. Add a rule only with hiring-manager approval. | E8: Hiring manager | F8: Per role
A9: 5 | B9: Set a minimum evidence gate so degree + years cannot carry a candidate. | C9: CV022 reached Review on degree and years with 0 of 5 JD5 skills; CV040 was shortlisted with 1 of 5 JD3 skills. | D9: Shortlist needs 12+ skill points; Review needs 8+. Both are editable cells. | E9: Talent acquisition lead | F9: Per role
A10: 6 | B10: No automatic rejection near the cut-off. A human reads the whole Review band. | C10: JD5: two candidates sit at 59, one point under the 60 cut-off, on a 3-vs-4 achievement judgement. At the shortlist line the gender ratio is 0.37; at shortlist + review it is 0.92. | D10: Review band (55-59) goes to a recruiter, highest score first. Record the human decision and the reason. | E10: Recruiter | F10: Every cycle
A11: 7 | B11: Run a name/gender swap test before go-live and after any change of prompt, model or tool. | C11: 0 score change in 20 of 20 comparisons here. The pipeline is name-blind by design, so the test must be repeated in any free-form chatbot before trusting it. | D11: Bias Test sheet: 10+ resumes across the score range, both cut-offs, all tiers. Pass = 0 decision changes and max change of 2 points or less. | E11: HR analytics | F11: Before launch; after any change
A12: 8 | B12: Monitor adverse impact per role per cycle, and test whether gaps are real. | C12: JD5 shortlist: 2 of 52 women vs 5 of 48 men (ratio 0.37), but mean scores are equal (43.2 vs 43.1) and the gap is not significant (Fisher p = 0.26). | D12: Fairness Audit: flag any ratio below 0.80, then check significance and the cut-off before acting. Do not adjust scores by group. | E12: HR analytics + Legal | F12: Every cycle
A13: 9 | B13: Rewrite requirements that no candidate can show on paper. | C13: Nobody of 100 lists variance analysis (JD3) or performance management (JD2), so 8 of 40 skill points are unreachable for every applicant. | D13: Move such skills to an interview task, or rephrase the JD. Re-check the pool after each JD edit. | E13: Hiring manager | F13: Per JD revision
A14: 10 | B14: Join on candidate ID, never on name. | C14: 95 distinct names for 100 candidates; 5 names repeat. | D14: All lookups use candidate_id or the ID|JD key (Verification A). | E14: HR analytics | F14: Every cycle
A15: 11 | B15: Protect personal data: no real resumes in public free AI tools. | C15: Brief rule. This project used synthetic data only. | D15: For real candidates use an enterprise tool with a data-processing agreement, or anonymise first. Comply with the DPDP Act 2023. | E15: Data protection officer | F15: Always
A16: 12 | B16: Be transparent and keep an audit trail. | C16: Every pair has a written reason, component scores and a probe list; the AI Use Log records every prompt. | D16: Tell candidates AI assists screening, offer human review on request, keep reasons and logs for the retention period. | E16: Talent acquisition lead | F16: Always

Sheet AI Use Log
A1: AI Use Log - fill one row per prompt (minimum 15). Yellow cells are for you to fill; row 4 is an example.
A2: Evidence = shared chat link or screenshot file name. Keep rejected outputs too - they earn marks under 'Prompting and iteration'.
A3: # | B3: date | C3: tool | D3: model / mode | E3: settings used (if any) | F3: prompt (exact text) | G3: what the output did well / badly | H3: what I changed next and why | I3: kept or rejected | J3: evidence link / file
A4: 1 | B4: 46034 | C4: Gemini (free) | D4: Gemini app, default | E4: - | F4: You are a business analyst. Using the attached sheet for 'Resume screener with bias check', list the first 3 steps to build it and what could go wrong. | G4: Clear steps, but assumed a column that does not exist | H4: Told it the exact column names and asked it to recheck | I4: Rejected | J4: screenshot_01.png
A5: 2 | B5: 46299 | C5: Claude (claude.ai) | D5: Claude Opus 5.5 - chat with file upload + code execution | E5: Instruction sheet uploaded | F5: Act as MBA DSDA student and your name is Ritesh, and this is your AI Powered tools coarse assessment. Instructions are provided in the excel sheet already. Complete this assessment. | G5: Read the instruction sheet and identified Task T40 and its 4 deliverables. Noticed the dataset workbook was not attached and asked for it instead of inventing resumes. | H5: Uploaded T40_Resume_screener_with_bias_check.xlsx. | I5: Kept | J5: https://claude.ai/share/ac9cc44f-7e0d-4aa8-adc4-82ddd52cf316
A6: 3 | B6: 46299 | C6: Claude (claude.ai) | D6: Claude Opus 5.5 - chat with file upload + code execution | E6: Dataset uploaded | F6: My bad, this is the data required for your assessment i.e. resumes. | G6: Profiled the data: 100 x 9 resumes, 5 JDs, 52 F / 48 M, no Gold Labels sheet. Found 95 distinct names (5 repeat), 'None' stored as text, and that nobody lists variance analysis or performance management. | H6: Decided every join uses candidate_id; accuracy to be measured with an independent Excel check because there are no gold labels. | I6: Kept
A7: 4 | B7: 46299 | C7: Claude (claude.ai) | D7: Claude Opus 5.5 - chat with file upload + code execution | E7: Code execution | F7: For each of the 5 JDs, count candidates who meet at least 2 of 3 basics: required qualification, experience band, and 2+ required skills. Recommend the 2 roles with the deepest pools. | G7: JD3 16, JD5 14, JD2 12, JD4 11, JD1 9. Clear, number-backed choice. Weakness: plain keyword count, ignores partial evidence. | H7: Chose JD3 Financial Analyst and JD5 Product Manager - Fintech. | I7: Kept
A8: 5 | B8: 46299 | C8: Claude (claude.ai) | D8: Claude Opus 5.5 - chat with file upload + code execution | E8: - | F8: Score this resume out of 100 for the job description below and give reasons. JOB DESCRIPTION: JD3 Financial Analyst - MBA Finance or CA; 2-4 years; skills: financial modelling, Excel, valuation, variance analysis, Power BI. RESUME: {resume_summary} | G8: Readable reasons, but no breakdown so nothing could be verified; 4 of 5 reasons cited institute tier or a career gap; average 66 vs 49 under the later rubric; free text would not paste into Excel. | H8: Wrote a 100-point rubric and a one-line pipe-separated output. | I8: Rejected
A9: 6 | B9: 46299 | C9: Claude (claude.ai) | D9: Claude Opus 5.5 - chat with file upload + code execution | E9: Code execution | F9: You are a resume screener. Score the resume against the job description using this rubric (100 points): Qualification 0-25 (exact required degree 25, other MBA 12-15, other degree 5-8); Experience 0-25 (inside band 25; up to 1 yr below 15; 1-2 yrs below 8; more 0; up to 2 yrs above 20; more 12); Skills 0-40 (8 points for each required skill that appears in the Key skills list); Achievement 0-10 (relevance of the listed achievement to the role). Then adjust: +5 for a tier-1 institute, -5 for a tier-3 institute, -5 for any career gap. Output one line: candidate_id | jd_id | qual | exp | skills | achievement | adjustment | total | reason (max 40 words). JOB DESCRIPTION: {jd} RESUME: {resume_summary} | G9: Parseable and checkable. But tier/gap adjustments are not job requirements (flip 23 of 200 decisions); exact-match skills missed real evidence in 77 of 200 pairs; the AI also summed the total itself. | H9: Removed adjustments, added a DO-NOT-USE list and 5 partial-credit rules, moved total and decision into Excel formulas. | I9: Rejected
A10: 7 | B10: 46299 | C10: Claude (claude.ai) | D10: Claude Opus 5.5 - chat with file upload + code execution | E10: Code execution | F10: [v3 - parts 1-7 on 'Scoring Prompt', exact text] Applied to all 200 resume-JD pairs. | G10: Every component traceable to the rubric; reasons name skills found and missing; no tier, gap, gender or name in any reason. | H10: Ran a manual spot-check next to look for logic problems the formulas cannot catch. | I10: Kept
A11: 8 | B11: 46299 | C11: Claude (claude.ai) | D11: Claude Opus 5.5 - chat with file upload + code execution | E11: - | F11: Pick 20 scored rows (10 per role, ranks 1, 4, 7, 9, 13, 21, 41, 61, 81, 100) and check every claim in each reason against the resume text. | G11: 20 of 20 reasons factually correct. Found a logic gap: CV022 (0 of 5 JD5 skills) reached Review and CV040 was shortlisted for JD3 with 1 of 5 skills. | H11: Asked for a minimum-skills gate in the decision formula. | I11: Kept
A12: 9 | B12: 46299 | C12: Claude (claude.ai) | D12: Claude Opus 5.5 - chat with file upload + code execution | E12: - | F12: Write an Excel decision formula: Shortlist if total >= cut-off and skill points >= 12; Review if total >= 55 and skill points >= 8; otherwise Not shortlisted. Reference cut-offs from cells, not hard-coded numbers. | G12: Formula uses named cells (SL_CUT, SL_SKILL, RV_CUT, RV_SKILL). Changed exactly 2 decisions (CV040 JD3, CV022 JD5). | H12: Added a 'decision note' column so a capped total is explained. | I12: Kept
A13: 10 | B13: 46299 | C13: Claude (claude.ai) | D13: Claude Opus 5.5 - chat with file upload + code execution | E13: - | F13: Build an independent Excel check that recomputes qualification, experience, exact-skill and achievement points from the raw Resumes sheet with formulas (SEARCH for skills, MID/FIND for the achievement), then compares with the AI's components. | G13: First version searched the whole resume_summary, so 'Excel' and 'Power BI' inside achievement text counted as skills: 19 of 200 rows falsely flagged. | H13: Pointed SEARCH at the 'skills' column only. | I13: Rejected
A14: 11 | B14: 46299 | C14: Claude (claude.ai) | D14: Claude Opus 5.5 - chat with file upload + code execution | E14: - | F14: Fix the rule check so SEARCH reads only the skills column, recalculate, and report how many rows pass all four component checks. | G14: 200 of 200 rows OK; all skill differences equal 4 x the partial credits. Also shows how many decisions partial credit changes. | H14: None needed - used as the accuracy measure. | I14: Kept
A15: 12 | B15: 46299 | C15: Claude (claude.ai) | D15: Claude Opus 5.5 - chat with file upload + code execution | E15: - | F15: Choose 10 resumes (5 F, 5 M; across both cut-offs, all three tiers, with and without gaps). Make swapped copies: change only the first name to a common name of the other gender and flip gender; keep the surname and every other word identical. | G15: Produced 10 swapped resumes; a character-length and single-occurrence check confirmed only the first name changed. | H15: Scored the swapped copies next. | I15: Kept
A16: 13 | B16: 46299 | C16: Claude (claude.ai) | D16: Claude Opus 5.5 - chat with file upload + code execution | E16: Code execution | F16: Score the 10 swapped resumes for JD3 and JD5 with the v3.1 prompt and compare with the original scores and decisions. | G16: 0-point change in 20 of 20 comparisons; 0 decision changes. Limitation: the pipeline is name-blind by design, so this does not prove a free-form chatbot is unbiased. | H16: Added group-level checks to look for bias the swap test cannot see. | I16: Kept
A17: 14 | B17: 46299 | C17: Claude (claude.ai) | D17: Claude Opus 5.5 - chat with file upload + code execution | E17: Code execution | F17: Compute shortlist rate by gender for each role and the adverse impact ratio (four-fifths rule); test whether any gap is statistically significant. | G17: JD3 ratio 0.81. JD5 ratio 0.37 (2/52 F vs 5/48 M) but mean scores equal and Fisher p = 0.26; gap comes from two women at 59 vs a man at 60. Shortlist + Review ratio 0.92. | H17: Wrote the 'no auto-reject in Review band' guideline. | I17: Kept
... A21: 18 | B21: 46299 | C21: Claude (claude.ai) | D21: Claude Opus 5.5 - chat with file upload + code execution | E21: Claude Docs | F21: Draft a 3-5 page report for the hiring managers: context, method, prompt iterations, shortlist results, verification, bias test, quantified recommendation, guidelines, limitations and a personal reflection. | G21: Complete structure with numbers pulled from the workbook. | H21: Checked every number against the workbook before submitting. | I21: Kept

Sheet Resumes
A1: candidate_id | B1: name | C1: gender | D1: qualification | E1: years_experience | F1: institute_tier | G1: skills | H1: career_gap | I1: resume_summary
A2: CV001 | B2: Gurpreet Kulkarni | C2: Male | D2: B.Tech + MBA | E2: 6.4 | F2: Tier-2 institute | G2: vendor management, demand forecasting, Google Analytics, labour law | H2: None | I2: Gurpreet Kulkarni, B.Tech + MBA from a tier-2 institute. 6.4 years of experience, most recently at an FMCG distributor. Key skills: vendor management, demand forecasting, Google Analytics, labour law. Achievement: handled 120 hires in one year. Career gap: None.
A3: CV002 | B3: Swati Das | C3: Female | D3: B.Com | E3: 8 | F3: Tier-2 institute | G3: recruitment, Tableau, HR analytics, SQL, Google Analytics | H3: None | I3: Swati Das, B.Com from a tier-2 institute. 8.0 years of experience, most recently at an FMCG distributor. Key skills: recruitment, Tableau, HR analytics, SQL, Google Analytics. Achievement: improved vendor on-time delivery from 78% to 92%. Career gap: None.
A4: CV003 | B4: Mary Mukherjee | C4: Female | D4: B.Com | E4: 2.5 | F4: Tier-3 institute | G4: financial modelling, product roadmap, Power BI, recruitment, SEO, content writing, demand forecasting, public speaking | H4: 6-month gap (exam preparation) | I4: Mary Mukherjee, B.Com from a tier-3 institute. 2.5 years of experience, most recently at an IT services firm. Key skills: financial modelling, product roadmap, Power BI, recruitment, SEO, content writing, demand forecasting, public speaking. Achievement: handled 120 hires in one year. Career gap: 6-month gap (exam preparation).
A5: CV004 | B5: Meera Menon | C5: Female | D5: B.Tech + MBA | E5: 1.9 | F5: Tier-2 institute | G5: stakeholder management, agile, content writing, inventory planning, Excel | H5: None | I5: Meera Menon, B.Tech + MBA from a tier-2 institute. 1.9 years of experience, most recently at a fintech start-up. Key skills: stakeholder management, agile, content writing, inventory planning, Excel. Achievement: led a 5-member campus marketing team. Career gap: None.
A6: CV005 | B6: Farhan Patil | C6: Male | D6: BBA | E6: 3 | F6: Tier-2 institute | G6: HR analytics, demand forecasting, SQL, Power BI, financial modelling | H6: None | I6: Farhan Patil, BBA from a tier-2 institute. 3.0 years of experience, most recently at a manufacturing company. Key skills: HR analytics, demand forecasting, SQL, Power BI, financial modelling. Achievement: built a Power BI sales dashboard used by 30 managers. Career gap: None.
A7: CV006 | B7: Thomas Nair | C7: Male | D7: BBA | E7: 1.3 | F7: Tier-3 institute | G7: Google Analytics, inventory planning, Excel, labour law, user research, Power BI, financial modelling | H7: None | I7: Thomas Nair, BBA from a tier-3 institute. 1.3 years of experience, most recently at a fintech start-up. Key skills: Google Analytics, inventory planning, Excel, labour law, user research, Power BI, financial modelling. Achievement: improved vendor on-time delivery from 78% to 92%. Career gap: None.
A8: CV007 | B8: Gauri Agarwal | C8: Female | D8: MBA Finance | E8: 6.9 | F8: Tier-2 institute | G8: recruitment, A/B testing, employee relations, valuation | H8: 6-month gap (exam preparation) | I8: Gauri Agarwal, MBA Finance from a tier-2 institute. 6.9 years of experience, most recently at a retail chain. Key skills: recruitment, A/B testing, employee relations, valuation. Achievement: no major achievement listed. Career gap: 6-month gap (exam preparation).
A9: CV008 | B9: Simran Mehta | C9: Female | D9: MBA HR | E9: 3.2 | F9: Tier-3 institute | G9: Tableau, stakeholder management, HR analytics, SAP MM, agile, recruitment, public speaking, Python | H9: None | I9: Simran Mehta, MBA HR from a tier-3 institute. 3.2 years of experience, most recently at a fintech start-up. Key skills: Tableau, stakeholder management, HR analytics, SAP MM, agile, recruitment, public speaking, Python. Achievement: handled 120 hires in one year. Career gap: None.
A10: CV009 | B10: Vivaan Das | C10: Male | D10: MBA Finance | E10: 5.8 | F10: Tier-2 institute | G10: valuation, A/B testing, product roadmap, user research, vendor management, employee relations | H10: None | I10: Vivaan Das, MBA Finance from a tier-2 institute. 5.8 years of experience, most recently at an FMCG distributor. Key skills: valuation, A/B testing, product roadmap, user research, vendor management, employee relations. Achievement: improved vendor on-time delivery from 78% to 92%. Career gap: None.
A11: CV010 | B11: Madhuri Agarwal | C11: Female | D11: B.Com | E11: 2.6 | F11: Tier-3 institute | G11: demand forecasting, employee relations, SQL, inventory planning, product roadmap, SAP MM, negotiation, content writing | H11: None | I11: Madhuri Agarwal, B.Com from a tier-3 institute. 2.6 years of experience, most recently at a manufacturing company. Key skills: demand forecasting, employee relations, SQL, inventory planning, product roadmap, SAP MM, negotiation, content writing. Achievement: handled 120 hires in one year. Career gap: None.
A12: CV011 | B12: Gauri Mishra | C12: Female | D12: MBA Marketing | E12: 3.5 | F12: Tier-2 institute | G12: Power BI, employee relations, financial modelling, recruitment, demand forecasting, negotiation, Tableau, agile | H12: None | I12: Gauri Mishra, MBA Marketing from a tier-2 institute. 3.5 years of experience, most recently at an IT services firm. Key skills: Power BI, employee relations, financial modelling, recruitment, demand forecasting, negotiation, Tableau, agile. Achievement: improved vendor on-time delivery from 78% to 92%. Career gap: None.
A13: CV012 | B13: Gauri Chatterjee | C13: Female | D13: B.Tech + MBA | E13: 0.7 | F13: Tier-2 institute | G13: SAP MM, demand forecasting, Power BI, campaign management, public speaking, Python, vendor management, inventory planning | H13: None | I13: Gauri Chatterjee, B.Tech + MBA from a tier-2 institute. 0.7 years of experience, most recently at a fintech start-up. Key skills: SAP MM, demand forecasting, Power BI, campaign management, public speaking, Python, vendor management, inventory planning. Achievement: cut reporting time by 40% by automating Excel reports. Career gap: None.
... A101: CV100 | B101: Siddharth Kulkarni | C101: Male | D101: B.Com | E101: 1.6 | F101: Tier-2 institute | G101: content writing, product roadmap, labour law, public speaking | H101: None | I101: Siddharth Kulkarni, B.Com from a tier-2 institute. 1.6 years of experience, most recently at a fintech start-up. Key skills: content writing, product roadmap, labour law, public speaking. Achievement: no major achievement listed. Career gap: None.

Sheet Job Descriptions
A1: jd_id | B1: role | C1: requirements
A2: JD1 | B2: Marketing Analyst | C2: MBA Marketing; 1-3 years; skills: Google Analytics, SQL, Excel, campaign reporting, A/B testing; good communication.
A3: JD2 | B3: HR Business Partner | C3: MBA HR; 4-7 years; skills: employee relations, performance management, HR analytics, labour law, stakeholder management.
A4: JD3 | B4: Financial Analyst | C4: MBA Finance or CA; 2-4 years; skills: financial modelling, Excel, valuation, variance analysis, Power BI.
A5: JD4 | B5: Supply Chain Executive | C5: MBA Operations; 1-3 years; skills: inventory planning, SAP MM, vendor management, Excel, demand forecasting.
A6: JD5 | B6: Product Manager - Fintech | C6: MBA with tech background; 3-6 years; skills: product roadmap, user research, SQL, agile, payments/UPI domain.

Sheet Data Dictionary
A1: sheet | B1: column | C1: data_type | D1: example_value | E1: non_empty_values | F1: distinct_values
A2: Resumes | B2: candidate_id | C2: Text | D2: CV001 | E2: 100 | F2: 100
A3: Resumes | B3: name | C3: Text | D3: Gurpreet Kulkarni | E3: 100 | F3: 95
A4: Resumes | B4: gender | C4: Text | D4: Male | E4: 100 | F4: 2
A5: Resumes | B5: qualification | C5: Text | D5: B.Tech + MBA | E5: 100 | F5: 8
A6: Resumes | B6: years_experience | C6: Decimal number | D6: 6.4 | E6: 100 | F6: 62
A7: Resumes | B7: institute_tier | C7: Text | D7: Tier-2 institute | E7: 100 | F7: 3
A8: Resumes | B8: skills | C8: Text | D8: vendor management, demand forecasting, Google Analytics, labour law | E8: 100 | F8: 100
A9: Resumes | B9: career_gap | C9: Text | D9: None | E9: 100 | F9: 3
A10: Resumes | B10: resume_summary | C10: Text | D10: Gurpreet Kulkarni, B.Tech + MBA from a tier-2 institute. 6.4 years of experience | E10: 100 | F10: 100
A11: Job Descriptions | B11: jd_id | C11: Text | D11: JD1 | E11: 5 | F11: 5
A12: Job Descriptions | B12: role | C12: Text | D12: Marketing Analyst | E12: 5 | F12: 5
A13: Job Descriptions | B13: requirements | C13: Text | D13: MBA Marketing; 1-3 years; skills: Google Analytics, SQL, Excel, campaign reporti | E13: 5 | F13: 5
